PROC_REA,NOME_PROC
201010127,BIOPSIA DE CORPO VERTEBRAL A CEU ABERTO
201010135,BIOPSIA DE CORPO VERTEBRAL LAMINA E PEDICULO VERTEBRAL (POR DISPOSITIVO GUIADO)
201010143,BIOPSIA DE ENDOCARDIO / MIOCARDIO
201010208,BIOPSIA DE FIGADO EM CUNHA / FRAGMENTO
201010267,BIOPSIA DE LESAO DE PARTES MOLES (POR AGULHA / CEU ABERTO)
201010275,BIOPSIA DE MEDULA OSSEA
201010305,BIOPSIA DE OSSO / CARTILAGEM DA CINTURA ESCAPULAR (POR AGULHA / CEU ABERTO)
201010313,BIOPSIA DE OSSO / CARTILAGEM DA CINTURA PELVICA (POR AGULHA / CEU ABERTO)
201010321,BIOPSIA DE OSSO / CARTILAGEM DE MEMBRO INFERIOR (POR AGULHA / CEU ABERTO)
201010330,BIOPSIA DE OSSO / CARTILAGEM DE MEMBRO SUPERIOR (POR AGULHA / CEU ABERTO)
201010402,BIOPSIA DE PLEURA (POR ASPIRACAO/AGULHA / PLEUROSCOPIA)
201010534,BIOPSIA ESTEREOTAXICA
201010550,BIOPSIA PRE-ESCALENICA
209040033,TRAQUEOSCOPIA
209040050,VIDEOTORACOSCOPIA
211050091,EXPLORACAO DIAGNOSTICA PELO VIDEO-ELETROENCEFALOGRAMA COM OU SEM USO DE ELETRODO DE PROFUNDIDADE
211050105,POLISSONOGRAFIA
301050074,INTERNACAO DOMICILIAR
301060010,DIAGNOSTICO E/OU ATENDIMENTO DE URGENCIA EM CLINICA PEDIATRICA
301060070,DIAGNOSTICO E/OU ATENDIMENTO DE URGENCIA EM CLINICA CIRURGICA
301060088,DIAGNOSTICO E/OU ATENDIMENTO DE URGENCIA EM CLINICA MEDICA
303010010,TRATAMENTO DE DENGUE CLASSICA
303010037,TRATAMENTO DE OUTRAS DOENCAS BACTERIANAS
303010045,TRATAMENTO DE DOENCAS BACTERIANAS ZOONOTICAS
303010053,TRATAMENTO DE OUTRAS DOENCAS DEVIDAS A PROTOZOARIOS (B55 A B64)
303010061,TRATAMENTO DE DOENCAS INFECCIOSAS INTESTINAIS
303010070,TRATAMENTO DE FEBRES POR ARBOVIRUS E FEBRES HEMORRAGICAS VIRAIS
303010100,TRATAMENTO DE HELMINTIASES (B65 a B83)
303010118,TRATAMENTO DE HEPATITES VIRAIS
303010126,TRATAMENTO DE INFECCOES DE TRANSMISSAO PREDOMINANTEMENTE SEXUAL (A50 A A64)
303010134,TRATAMENTO DE INFECCOES VIRAIS CARACTERIZADAS POR LESOES DE PELE E MUCOSAS (B00 A B09)
303010142,TRATAMENTO DE INFECCOES VIRAIS DO SISTEMA NERVOSO CENTRAL
303010150,TRATAMENTO DE MALARIA
303010169,TRATAMENTO DE MICOSES (B35 A B49)
303010185,TRATAMENTO DE OUTRAS DOENCAS CAUSADAS POR ESPIROQUETAS (A65 A A69)
303010193,TRATAMENTO DE OUTRAS DOENCAS CAUSADAS POR VIRUS (B25 A B34)
303010215,TRATAMENTO DE TUBERCULOSE (A15 A A19)
303020032,TRATAMENTO DE ANEMIA APLASTICA E OUTRAS ANEMIAS
303020040,TRATAMENTO DE ANEMIA HEMOLITICA
303020059,TRATAMENTO DE ANEMIAS NUTRICIONAIS
303020067,TRATAMENTO DE DEFEITOS DA COAGULACAO PURPURA E OUTRAS AFECCOES HEMORRAGICAS
303020075,TRATAMENTO DE HEMOFILIAS
303020083,TRATAMENTO DE OUTRAS DOENCAS DO SANGUE E DOS ORGAOS HEMATOPOIETICOS
303030020,TRATAMENTO DE DESNUTRICAO
303030038,TRATAMENTO DE DIABETES MELLITUS
303030046,TRATAMENTO DE DISTURBIOS METABOLICOS
303030054,TRATAMENTO DE TRANSTORNOS DA GLANDULA TIREOIDE
303030062,TRATAMENTO DE TRANSTORNOS DE OUTRAS GLANDULAS ENDOCRINAS
303040017,AJUSTE MEDICAMENTOSO DE SITUACOES NEUROLOGICAS AGUDIZADAS
303040033,TRATAMENTO DA MIGRANEA COMPLICADA
303040050,TRATAMENTO CLINICO DE COREIA AGUDA
303040068,TRATAMENTO CONSERVADOR DA DOR REBELDE DE ORIGEM CENTRAL OU NEOPLASICA
303040076,TRATAMENTO CONSERVADOR DA HEMORRAGIA CEREBRAL
303040084,TRATAMENTO CONSERVADOR DE TRAUMATISMO CRANIOENCEFALICO (GRAU LEVE)
303040092,TRATAMENTO CONSERVADOR DE TRAUMATISMO CRANIOENCEFALICO (GRAU MEDIO)
303040106,TRATAMENTO CONSERVADOR DE TRAUMATISMO CRANIOENCEFALICO GRAVE
303040114,TRATAMENTO CONSERVADOR DE TRAUMATISMO RAQUIMEDULAR
303040122,TRATAMENTO CONSERVADOR DE TUMOR DO SISTEMA NERVOSO CENTRAL
303040130,TRATAMENTO CLINICO DAS MIELITES / MIELOPATIAS
303040149,TRATAMENTO DE ACIDENTE VASCULAR CEREBRAL - AVC (ISQUEMICO OU HEMORRAGICO AGUDO)
303040157,TRATAMENTO DE COMPLICACOES DA HIDROCEFALIA
303040165,TRATAMENTO DE CRISES EPILETICAS NAO CONTROLADAS
303040173,TRATAMENTO DE DISTROFIAS MUSCULARES
303040181,TRATAMENTO DE DOENCA DE PARKINSON
303040190,TRATAMENTO DE DOENCA DOS NEURONIOS MOTORES CENTRAIS C/ OU S/ AMIOTROFIAS
303040203,TRATAMENTO DE DOENCAS NEURODEGENERATIVAS
303040211,TRATAMENTO DE ENCEFALOPATIA HIPERTENSIVA
303040220,TRATAMENTO DE ESCLEROSE GENERALIZADA PROGRESSIVA
303040238,TRATAMENTO DE FRATURA DA COLUNA VERTEBRAL C/ LESAO DA MEDULA ESPINHAL
303040246,TRATAMENTO DE INTERCORRENCIAS DE DOENCAS NEUROMUSCULARES
303040254,TRATAMENTO DE MIASTENIA GRAVE
303040262,TRATAMENTO DE POLINEUROPATIAS
303040270,TRATAMENTO DE POLIRRADICULONEURITE DESMIELINIZANTE AGUDA
303040289,TRATAMENTO DE SURTO DE ESCLEROSE MULTIPLA
303040297,TRATAMENTO DE PROCESSO TOXI-INFECCIOSO DO CEREBRO OU DA MEDULA ESPINHAL
303040300,TRATAMENTO DO ACIDENTE VASCULAR CEREBRAL ISQUEMICO AGUDO COM USO DE TROMBOLITICO
303050136,TRATAMENTO CLINICO DE INTERCORRENCIAS OFTALMOLOGICAS
303050144,TRATAMENTO CLINICO DE INTERCORRENCIAS OFTALMOLOGICAS DE ORIGEM INFECCIOSA
303060018,TRATAMENTO DE ANEURISMA DA AORTA
303060026,TRATAMENTO DE ARRITMIAS
303060034,TRATAMENTO DE CARDIOPATIA HIPERTROFICA
303060042,TRATAMENTO DE CARDIOPATIA ISQUEMICA CRONICA
303060050,TRATAMENTO DE CHOQUE ANAFILATICO
303060069,TRATAMENTO DE CHOQUE CARDIOGENICO
303060077,TRATAMENTO DE CHOQUE HIPOVOLEMICO
303060085,TRATAMENTO DE COMPLICACOES CARDIACAS POS-CIRURGIA
303060093,TRATAMENTO DE COMPLICACOES DE DISPOSITIVOS PROTETICOS IMPLANTES E ENXERTOS CARDIACOS E VALVULARES
303060107,TRATAMENTO DE CRISE HIPERTENSIVA
303060115,TRATAMENTO DE DOENCA REUMATICA C/ COMPROMETIMENTO CARDIACO
303060123,TRATAMENTO DE DOENCA REUMATICA S/ CARDITE
303060131,TRATAMENTO DE EDEMA AGUDO DE PULMAO
303060140,TRATAMENTO DE EMBOLIA PULMONAR
303060158,TRATAMENTO DE ENDOCARDITE INFECCIOSA EM PROTESE VALVAR
303060166,TRATAMENTO DE ENDOCARDITE INFECCIOSA EM VALVULA NATIVA
303060174,TRATAMENTO DE HIPERTENSAO PULMONAR
303060182,TRATAMENTO DE HIPERTENSAO SECUNDARIA
303060190,TRATAMENTO DE INFARTO AGUDO DO MIOCARDIO
303060204,TRATAMENTO DE INSUFICIENCIA ARTERIAL C/ ISQUEMIA CRITICA
303060212,TRATAMENTO DE INSUFICIENCIA CARDIACA
303060220,TRATAMENTO DE LINFADENITES INESPECIFICAS
303060239,TRATAMENTO DE MIOCARDIOPATIAS
303060247,TRATAMENTO DE OUTRAS VASCULOPATIAS
303060255,TRATAMENTO DE PARADA CARDIACA C/ RESSUSCITACAO
303060263,TRATAMENTO DE PE DIABETICO COMPLICADO
303060271,TRATAMENTO DE PERICARDITE
303060280,TRATAMENTO DE SINDROME CORONARIANA AGUDA
303060298,TRATAMENTO DE TROMBOSE VENOSA PROFUNDA
303060301,TRATAMENTO DE VARIZES DOS MEMBROS INFERIORES C/ ULCERA
303070064,TRATAMENTO DE DOENCAS DO ESOFAGO ESTOMAGO E DUODENO
303070072,TRATAMENTO DE DOENCAS DO FIGADO
303070080,TRATAMENTO DE DOENCAS DO PERITONIO
303070099,TRATAMENTO DE ENTERITES E COLITES NAO INFECCIOSAS
303070102,TRATAMENTO DE OUTRAS DOENCAS DO APARELHO DIGESTIVO
303070110,TRATAMENTO DE OUTRAS DOENCAS DO INTESTINO
303070129,TRATAMENTO DE TRANSTORNOS DAS VIAS BILIARES E PANCREAS
303070137,TRATAMENTO DE INTERCORRENCIA CLINICA POS-CIRURGIA BARIATRICA
303080043,TRATAMENTO DE AFECCOES BOLHOSAS
303080051,TRATAMENTO DE DERMATITES E ECZEMAS
303080060,TRATAMENTO DE ESTAFILOCOCCIAS
303080078,TRATAMENTO DE ESTREPTOCOCCIAS
303080086,TRATAMENTO DE FARMACODERMIAS
303080094,TRATAMENTO DE OUTRAS AFECCOES DA PELE E DO TECIDO SUBCUTANEO
303090138,TRATAMENTO CONSERVADOR DE FRATURA / LESAO LIGAMENTAR / ARRANCAMENTO OSSEO AO NIVEL DA PELVE
303090197,TRATAMENTO CONSERVADOR DE FRATURA DOS ANEIS PELVICOS
303090235,TRATAMENTO CONSERVADOR DE LESAO DA COLUNA TORACO-LOMBO-SACRA C/ ORTESE
303090316,TRATAMENTO DAS POLIARTROPATIAS INFLAMATORIAS
303100010,TRATAMENTO DE COMPLICACOES RELACIONADAS PREDOMINANTEMENTE AO PUERPERIO
303100028,TRATAMENTO DE ECLAMPSIA
303100036,"TRATAMENTO DE EDEMA, PROTEINURIA E TRANSTORNOS HIPERTENSIVOS NA GRAVIDEZ PARTO E PUERPERIO"
303100044,TRATAMENTO DE INTERCORRENCIAS CLINICAS NA GRAVIDEZ
303110015,TRATAMENTO DAS MALFORMACOES E DEFORMIDADES CONGENITAS DO SISTEMA OSTEOMUSCULAR
303110023,TRATAMENTO DE ANOMALIAS CROMOSSOMICAS NAO CLASSIFICADAS EM OUTRA PARTE
303110040,TRATAMENTO DE MALFORMACOES CONGENITAS DO APARELHO CIRCULATORIO
303110058,TRATAMENTO DE FENDA LABIAL E/OU FENDA PALATINA
303110066,TRATAMENTO DE MALFORMACOES CONGENITAS DO APARELHO URINARIO
303110074,TRATAMENTO DE MALFORMACOES CONGENITAS DOS ORGAOS GENITAIS
303110090,TRATAMENTO DE OUTRAS ANOMALIAS CONGENITAS DO SISTEMA NERVOSO
303110104,TRATAMENTO DE OUTRAS MALFORMACOES CONGENITAS
303110112,TRATAMENTO DE OUTRAS MALFORMACOES CONGENITAS DO APARELHO DIGESTIVO
303130016,ATENDIMENTO A PACIENTE SOB CUIDADOS PROLONGADOS DEVIDO A CAUSAS EXTERNAS
303130024,ATENDIMENTO A PACIENTE SOB CUIDADOS PROLONGADOS POR ENFERMIDADES CARDIOVASCULARES
303130032,ATENDIMENTO A PACIENTE SOB CUIDADOS PROLONGADOS POR ENFERMIDADES PNEUMOLOGICAS
303130040,TRATAMENTO DE PACIENTE SOB CUIDADOS PROLONGADOS POR ENFERMIDADES DECORRENTES DA AIDS
303130059,TRATAMENTO DE PACIENTE SOB CUIDADOS PROLONGADOS POR ENFERMIDADES NEUROLOGICAS
303130067,TRATAMENTO DE PACIENTE SOB CUIDADOS PROLONGADOS POR ENFERMIDADES ONCOLOGICAS
303130075,TRATAMENTO DE PACIENTE SOB CUIDADOS PROLONGADOS POR ENFERMIDADES OSTEOMUSCULARES E DO TECIDO CONJUNT
303140020,TRATAMENTO DA FIBROSE CISTICA COM MANIFESTACOES PULMONARES
303140038,TRATAMENTO DAS AFECCOES NECROTICAS E SUPURATIVAS DAS VIAS AEREAS INFERIORES
303140046,TRATAMENTO DAS DOENCAS CRONICAS DAS VIAS AEREAS INFERIORES
303140054,TRATAMENTO DAS DOENCAS PULMONARES DEVIDO A AGENTES EXTERNOS
303140062,TRATAMENTO DE CARDIOPATIA PULMONAR NAO ESPECIFICADA (COR PULMONALE)
303140070,TRATAMENTO DE DOENCA DO OUVIDO EXTERNO MEDIO E DA MASTOIDE
303140089,TRATAMENTO DE DOENCAS RESPIRATORIAS QUE AFETAM PRINCIPALMENTE O INTERSTICIO
303140097,TRATAMENTO DE HEMORRAGIAS DAS VIAS RESPIRATORIAS
303140100,TRATAMENTO DE INFECCOES AGUDAS DAS VIAS AEREAS SUPERIORES
303140119,TRATAMENTO DE OUTRAS DOENCAS DA PLEURA
303140127,TRATAMENTO DE OUTRAS DOENCAS DAS VIAS AEREAS SUPERIORES
303140135,TRATAMENTO DE OUTRAS DOENCAS DO APARELHO RESPIRATORIO
303140143,TRATAMENTO DE OUTRAS INFECCOES AGUDAS DAS VIAS AEREAS INFERIORES
303140151,TRATAMENTO DE PNEUMONIAS OU INFLUENZA (GRIPE)
303150017,TRATAMENTO DE DOENCAS DOS ORGAOS GENITAIS MASCULINOS
303150025,TRATAMENTO DE DOENCAS GLOMERULARES
303150033,TRATAMENTO DE DOENCAS INFLAMATORIAS DOS ORGAOS PELVICOS FEMININOS
303150041,TRATAMENTO DE DOENCAS RENAIS TUBULO-INTERSTICIAIS
303150050,TRATAMENTO DE OUTRAS DOENCAS DO APARELHO URINARIO
303150068,TRATAMENTO DE OUTROS TRANSTORNOS DO RIM E DO URETER
303160020,TRATAMENTO DE INFECCOES ESPECIFICAS DO PERIODO PERINATAL
303160039,TRATAMENTO DE OUTROS TRANSTORNOS ORIGINADOS NO PERIODO PERINATAL
303160047,TRATAMENTO DE TRANSTORNOS HEMORRAGICOS E HEMATOLOGICOS DO FETO E DO RECEM-NASCIDO
303160055,TRATAMENTO DE TRANSTORNOS RELACIONADOS C/ A DURACAO DA GESTACAO E C/ O CRESCIMENTO FETAL
303160063,TRATAMENTO DE TRANSTORNOS RESPIRATORIOS E CARDIOVASCULARES ESPECIFICOS DO PERIODO NEONATAL
303160071,TRATAMENTO DE TRAUMATISMO DE PARTO NO NEONATO
303170093,TRATAMENTO EM PSIQUIATRIA (POR DIA)
303170107,TRATAMENTO EM PSIQUIATRIA EM HOSPITAL DIA
303170131,TRATAMENTO CLINICO EM SAUDE MENTAL EM SITUACAO DE RISCO ELEVADO DE SUICIDIO.
303170140,TRATAMENTO CLINICO PARA CONTENCAO DE COMPORTAMENTO DESORGANIZADO E/OU DISRUPTIVO
303170158,"TRATAMENTO CLINICO PARA AVALIACAO DIAGNOSTICA E ADEQUACAO TERAPEUTICA, INCLUINDO NECESSIDADES"
303170166,TRATAMENTO CLINICO DE TRANSTORNOS MENTAIS E COMPORTAMENTAIS DEVIDO AO USO DE ALCOOL
303170174,TRATAMENTO CLINICO DE TRANSTORNOS MENTAIS E COMPORTAMENTAIS DEVIDO AO USO DE ?CRACK?.
303170182,TRATAMENTO CLINICO DOS TRANSTORNOS MENTAIS E COMPORTAMENTAIS DEVIDO AO USO DAS DEMAIS DROGAS E/OU OU
303170190,TRATAMENTO EM PSIQUIATRIA DE CURTA PERMANENCIA POR DIA (PERMANENCIA ATE 90 DIAS)
303170204,TRATAMENTO EM PSIQUIATRIA POR DIA (COM DURACAO SUPERIOR A 90 DIAS DE INTERNACAO OU REINTERNACAO
303180013,TRATAMENTO DE AFECCOES ASSOCIADAS AO HIV/AIDS
303180030,TRATAMENTO DE AFECCOES DO APARELHO DIGESTIVO EM HIV/AIDS
303180048,TRATAMENTO DE AFECCOES DO SISTEMA NERVOSO EM HIV/AIDS
303180056,TRATAMENTO DE AFECCOES DO SISTEMA RESPIRATORIO EM HIV/AIDS
303180064,TRATAMENTO DE DOENCAS DISSEMINADAS EM AIDS
303180072,TRATAMENTO DE HIV / AIDS
303190019,TRATAMENTO EM REABILITACAO
304080020,INTERNACAO P/ QUIMIOTERAPIA DE ADMINISTRACAO CONTINUA
304080039,INTERNACAO P/ QUIMIOTERAPIA DE LEUCEMIAS AGUDAS / CRONICAS AGUDIZADAS
304080047,QUIMIOTERAPIA INTRA-ARTERIAL
304090026,IODOTERAPIA DE CARCINOMA DIFERENCIADO DA TIREOIDE (100 MCI)
304100013,TRATAMENTO DE INTERCORRENCIAS CLINICAS DE PACIENTE ONCOLOGICO
304100021,TRATAMENTO CLINICO DE PACIENTE ONCOLOGICO
305010174,TRATAMENTO DE INTERCORRENCIA EM PACIENTE RENAL CRONICO SOB TRATAMENTO DIALITICO ( POR DIA)
305020013,TRATAMENTO DA PIELONEFRITE
305020021,TRATAMENTO DE CALCULOSE RENAL
305020048,TRATAMENTO DE INSUFICIENCIA RENAL AGUDA
305020056,TRATAMENTO DA DOENCA RENAL CRONICA - DRC
308010019,TRATAMENTO CLINICO/CONSERVADOR DE TRAUMATISMOS DE QUALQUER LOCALIZACAO
308010027,TRATAMENTO DE EFEITOS DE ASFIXIA / OUTROS RISCOS A RESPIRACAO
308010035,TRATAMENTO DE TRAUMATISMOS C/ LESAO DE ORGAO INTRA-TORACICO E INTRA-ABDOMINAL
308010043,TRATAMENTO DE TRAUMATISMOS ENVOLVENDO MULTIPLAS REGIOES DO CORPO
308020022,TRATAMENTO DE EFEITOS DO CONTATO C/ ANIMAIS E PLANTAS VENENOSOS
308020030,TRATAMENTO DE INTOXICACAO OU ENVENENAMENTO POR EXPOSICAO A MEDICAMENTO E SUBSTANCIAS DE USO NAO MEDI
308030010,TRATAMENTO DE EFEITOS DA PENETRACAO DE CORPO ESTRANHO EM ORIFICIO NATURAL
308030028,TRATAMENTO DE EFEITOS DE OUTRAS CAUSAS EXTERNAS
308030036,TRATAMENTO DE QUEIMADURAS CORROSOES E GELADURAS
308040015,TRATAMENTO DE COMPLICACOES DE PROCEDIMENTOS CIRURGICOS OU CLINICOS
310010039,PARTO NORMAL
310010047,PARTO NORMAL EM GESTACAO DE ALTO RISCO
401020010,ENXERTO COMPOSTO
401020029,ENXERTO DERMO-EPIDERMICO
401020037,ENXERTO LIVRE DE PELE TOTAL
401020045,"EXCISAO E ENXERTO DE PELE (HEMANGIOMA, NEVUS OU TUMOR )"
401020053,EXCISAO E SUTURA DE LESAO NA PELE C/ PLASTICA EM Z OU ROTACAO DE RETALHO
401020061,EXERESE DE CISTO BRANQUIAL
401020070,EXERESE DE CISTO DERMOIDE
401020088,EXERESE DE CISTO SACRO-COCCIGEO
401020096,EXERESE DE CISTO TIREOGLOSSO
401020100,EXTIRPACAOE SUPRESSAO DE LESAO DE PELE E DE TECIDO CELULAR SUBCUTANEO
401020126,TRATAMENTO CIRURGICO DE ESCALPO PARCIAL
401020134,TRATAMENTO CIRURGICO DE ESCALPO TOTAL
401020150,TRATAMENTO CIRURGICO DO SINUS PRE-AURICULAR
401020169,TRATAMENTO EM ESTAGIOS SUBSEQUENTES DE ENXERTIA
402010027,PARATIREOIDECTOMIA
402010035,TIREOIDECTOMIA PARCIAL
402010043,TIREOIDECTOMIA TOTAL
402010051,TIREOIDECTOMIA TOTAL COM ESVAZIAMENTO GANGLIONAR
402020022,SUPRARRENALECTOMIA UNILATERAL
403010012,CRANIOPLASTIA
403010020,CRANIOTOMIA DESCOMPRESSIVA
403010039,CRANIOTOMIA DESCOMPRESSIVA DA FOSSA POSTERIOR
403010047,CRANIOTOMIA PARA RETIRADA DE CISTO / ABSCESSO / GRANULOMA ENCEFALICO
403010098,DERIVACAO VENTRICULAR EXTERNAR-SUBGALEAL EXTERNA
403010101,DERIVACAO VENTRICULAR PARA PERITONEO / ATRIO / PLEURA / RAQUE
403010128,MICROCIRURGIA CEREBRAL ENDOSCOPICA
403010144,RECONSTRUCAO CRANIANA / CRANIO-FACIAL
403010160,RETIRADA DE DERIVACAO VENTRICULAR PARA PERITONEO / ATRIO / PLEURA / RAQUE
403010179,RETIRADA DE PLACA DE CRANIOPLASTIA
403010187,REVISAO DE DERIVACAO VENTRICULAR PARA PERITONEO / ATRIO / PLEURA / RAQUE
403010195,TRATAMENTO CIRURGICO DE ABSCESSO INTRACRANIANO
403010217,TRATAMENTO CIRURGICO DE CRANIOSSINOSTOSE COMPLEXA
403010225,TRATAMENTO CIRURGICO DE DISRAFISMO ABERTO
403010233,TRATAMENTO CIRURGICO DE DISRAFISMO OCULTO
403010241,TRATAMENTO CIRURGICO DE FISTULA LIQUORICA CRANIANA
403010250,TRATAMENTO CIRURGICO DE FISTULA LIQUORICA RAQUIDIANA
403010268,TRATAMENTO CIRURGICO DE FRATURA DO CRANIO COM AFUNDAMENTO
403010276,TRATAMENTO CIRURGICO DE HEMATOMA EXTRADURAL
403010284,TRATAMENTO CIRURGICO DE HEMATOMA INTRACEREBRAL
403010306,TRATAMENTO CIRURGICO DE HEMATOMA SUBDURAL AGUDO
403010314,TRATAMENTO CIRURGICO DE HEMATOMA SUBDURAL CRONICO
403010322,TRATAMENTO CIRURGICO DE OSTEOMIELITE DO CRANIO
403010349,TREPANACAO CRANIANA PARA PROPEDEUTICA NEUROCIRURGICA / IMPLANTE PARA MONITORIZACAO PIC
403010390,DRENAGEM LIQUORICA LOMBAR EXTERNA
403020026,ENXERTO MICROCIRURGICO DE NERVO PERIFERICO (UNICO NERVO)
403020034,MICROCIRURGIA DE PLEXO BRAQUIAL COM EXPLORACAO E NEUROLISE
403020042,MICROCIRURGIA DE PLEXO BRAQUIAL COM MICROENXERTIA
403020050,MICRONEUROLISE DE NERVO PERIFERICO
403020069,MICRONEURORRAFIA
403020077,NEUROLISE NAO FUNCIONAL DE NERVOS PERIFERICOS
403020085,NEURORRAFIA
403020093,NEUROTOMIA SELETIVA DE TRIGEMEO E OUTROS NERVOS CRANIANOS
403020107,TRANSPOSICAO DO NERVO CUBITAL
403020115,TRATAMENTO CIRURGICO DE NEUROPATIA COMPRESSIVA COM OU SEM MICROCIRURGIA
403020123,TRATAMENTO CIRURGICO DE SINDROME COMPRESSIVA EM TUNEL OSTEO-FIBROSO AO NIVEL DO CARPO
403020131,TRATAMENTO MICROCIRURGICO DE TUMOR DE NERVO PERIFERICO / NEUROMA
403030021,CRANIOTOMIA PARA BIOPSIA ENCEFALICA (COM TECNICA COMPLEMENTAR)
403030030,CRANIOTOMIA PARA RETIRADA DE TUMOR CEREBRAL INCLUSIVO DA FOSSA POSTERIOR
403030048,CRANIOTOMIA PARA RETIRADA DE TUMOR INTRACRANIANO
403030056,CRANIECTOMIA POR TUMOR OSSEO
403030064,HIPOFISECTOMIA TRANSESFENOIDAL POR TECNICA COMPLEMENTAR
403030080,MICROCIRURGIA DE TUMOR INTRADURAL E EXTRAMEDULAR
403030099,MICROCIRURGIA DE TUMOR MEDULAR COM TECNICA COMPLEMENTAR
403030102,MICROCIRURGIA DE TUMOR MEDULAR
403030129,MICROCIRURGIA PARA TUMOR DA BASE DO CRANIO
403030145,MICROCIRURGIA PARA TUMOR INTRACRANIANO
403030153,MICROCIRURGIA PARA TUMOR INTRACRANIANO (COM TECNICA COMPLEMENTAR)
403030161,RESSECCAO DE TUMOR RAQUIMEDULAR EXTRADURAL
403040060,MICROCIRURGIA PARA MALFORMACAO ARTERIO-VENOSA CEREBRAL PROFUNDA
403040078,MICROCIRURGIA VASCULAR INTRACRANIANA (COM TECNICA COMPLEMENTAR)
403040094,"MICROCIRURGIA PARA ANEURISMA DA CIRCULACAO CEREBRAL ANTERIOR MAIOR QUE 1,5 CM"
403040116,"MICROCIRURGIA P/ARA ANEURISMA DA CIRCULACAO CEREBRAL ANTERIOR MENOR QUE 1,5 CM"
403050030,BLOQUEIOS PROLONGADOS DE SISTEMA NERVOSO PERIFERICO / CENTRAL COM BOMBA DE INFUSAO
403050103,RIZOTOMIA / NEUROTOMIA PERCUTANEA POR RADIOFREQUENCIA
403050111,SIMPATECTOMIA LOMBAR A CEU ABERTO
403050146,SIMPATECTOMIA TORACICA VIDEOCIRURGICA
403050154,TRATAMENTO DE LESAO DO SISTEMA NEUROVEGETATIVO POR AGENTES QUIMICOS
403060036,MICROCIRURGIA PARA LESIONECTOMIA COM MONITORAMENTO INTRAOPERATORIO
403060052,MICROCIRURGIA PARA LOBECTOMIA TEMPORAL / AMIGDALO-HIPOCAMPECTOMIA SELETIVA
403060060,MICROCIRURGIA PARA RESSECCAO MULTILOBAR / HEMISFERECTOMIA / CALOSOTOMIA
403070015,ANGIOPLASTIA INTRACRANIANA EM VASO-ESPASMO
403070058,"EMBOLIZACAO DE ANEURISMA CEREBRAL MAIOR QUE 1,5 CM COM COLO LARGO"
403070104,EMBOLIZACAO DE MALFORMACAO ARTERIO-VENOSA DURAL COMPLEXA DO SISTEMA NERVOSO CENTRAL
403070112,EMBOLIZACAO DE MALFORMACAO ARTERIO-VENOSA DURAL SIMPLES DO SISTEMA NERVOSO CENTRAL
403070120,EMBOLIZACAO DE MALFORMACAO ARTERIO-VENOSA INTRAPARENQUIMATOSA DO SISTEMA NERVOSO CENTRAL
403070155,"EMBOLIZACAO DE ANEURISMA CEREBRAL MENOR QUE 1,5 CM COM COLO ESTREITO"
403070163,"EMBOLIZACAO DE ANEURISMA CEREBRAL MENOR DO QUE 1,5 CM COM COLO LARGO"
403070171,TRATAMENTO DO ACIDENTE VASCULAR CEREBRAL ISQUEMICO AGUDO COM TROMBECTOMIA MECANICA
403080010,IMPLANTE DE ELETRODO PARA ESTIMULACAO CEREBRAL
403080029,IMPLANTE DE GERADOR DE PULSOS P/ARA ESTIMULACAO CEREBRAL (INCLUI CONECTOR)
403080100,TROCA DE GERADOR DE PULSOS PARA ESTIMULACAO CEREBRAL
404010016,ADENOIDECTOMIA
404010024,AMIGDALECTOMIA
404010032,AMIGDALECTOMIA COM ADENOIDECTOMIA
404010059,DRENAGEM DE ABSCESSO FARINGEO
404010067,DRENAGEM DE ABSCESSO PERIAMIGDALIANO
404010105,ESTAPEDECTOMIA
404010113,EXERESE DE PAPILOMA EM LARINGE
404010121,"EXERESE DE TUMOR DE VIAS AEREAS SUPERIORES, FACE E PESCOCO"
404010130,EXTIRPACAO DE TUMOR DO CAVUM E FARINGE
404010172,LARINGECTOMIA PARCIAL
404010210,MASTOIDECTOMIA RADICAL
404010229,MASTOIDECTOMIA SUBTOTAL
404010237,MICROCIRURGIA OTOLOGICA
404010318,RETIRADA DE CORPO ESTRANHO DE OUVIDO / FARINGE / LARINGE / NARIZ
404010326,SINUSOTOMIA BILATERAL
404010334,SINUSOTOMIA ESFENOIDAL
404010350,TIMPANOPLASTIA (UNI / BILATERAL)
404010377,TRAQUEOSTOMIA
404010407,TRATAMENTO CIRURGICO DE RINITE CRONICA (OZENA)
404010415,TURBINECTOMIA
404010431,ARITENOIDECTOMIA COM LARINGOFISSURA
404010458,LARINGOFISSURA PARA COLOCACAO DE MOLDE NOS TRAUMATISMOS DE LARINGE
404010466,PAROTIDECTOMIA PARCIAL OU SUBTOTAL
404010482,SEPTOPLASTIA PARA CORRECAO DE DESVIO
404010504,TRATAMENTO CIRURGICO DE PERFURACAO DO SEPTO NASAL
404010512,SINUSOTOMIA TRANSMAXILAR
404010520,SEPTOPLASTIA REPARADORA NAO ESTETICA
404010571,CIRURGIA DE IMPLANTE COCLEAR UNILATERAL
404010580,CIRURGIA DE IMPLANTE COCLEAR BILATERAL
404010628,CIRURGIA PARA PROTESE AUDITIVA ANCORADA NO OSSO UNILATERAL ? TEMPO UNICO
404020070,RESSECCAO DE GLANDULA SALIVAR
404020089,EXCISAO DE RANULA OU FENOMENO DE RETENCAO SALIVAR
404020143,GLOSSECTOMIA PARCIAL
404020232,RECONSTRUCAO TOTAL OU PARCIAL DE LABIO
404020240,RECONSTRUCAO TOTAL OU PARCIAL DE NARIZ
404020275,RESSECCAO DE LESAO MALIGNA E BENIGNA DA REGIAO CRANIO E BUCOMAXILOFACIAL
404020313,RETIRADA DE CORPO ESTRANHO DOS OSSOS DA FACE
404020321,RINOPLASTIA PARA DEFEITOS POS-TRAUMATICOS
404020356,TRATAMENTO CIRURGICO DE FISTULA E CISTOS ORO-MAXILARES
404020380,TRATAMENTO CIRURGICO DE OSTEOMIELITE DE OSSOS DA FACE
404020399,TRATAMENTO CIRURGICO DE PARALISIA FACIAL (SUSPENSAO DE HEMIFACE)
404020429,TRATAMENTO CIRURGICO DO SOALHO DA ORBITA
404020453,OSTEOTOMIA DA MAXILA
404020461,OSTEOTOMIA DA MANDIBULA
404020470,RECONSTRUCAO DO SULCO GENGIVO-LABIAL
404020496,OSTEOSSINTESE DE FRATURA UNILATERAL DO CONDILO MANDIBULAR
404020500,OSTEOSSINTESE DA FRATURA COMPLEXA DA MANDIBULA
404020518,OSTEOSSINTESE DE FRATURA COMPLEXA DA MAXILA
404020526,OSTEOSSINTESE DE FRATURA DO COMPLEXO ORBITO-ZIGOMATICO-MAXILAR
404020534,OSTEOSSINTESE DE FRATURA DO COMPLEXO NASO-ORBITO-ETMOIDAL
404020542,REDUCAO CIRURGICA DE FRATURA DOS OSSOS PROPRIOS DO NARIZ
404020550,OSTEOSSINTESE DE FRATURA SIMPLES DE MANDIBULA
404020569,ARTROPLASTIA DA ARTICULACAO TEMPORO-MANDIBULAR (RECIDIVANTE OU NAO)
404020585,REDUCAO DE FRATURA DA MAXILA - LE FORT I SEM OSTEOSSINTESE.
404020607,REDUCAO DE FRATURA DA MANDIBULA SEM OSTEOSSINTESE.
404020640,TRATAMENTO CIRURGICO DE ANQUILOSE DA ARTICULACAO TEMPORO-MANDIBULAR
404020658,"TRATAMENTO CIRURGICO DE OSTEOMA, ODONTOMA /OUTRAS LESOES ESPECIFICADAS"
404020666,TRATAMENTO CIRURGICO DE FRATURA DO OSSO ZIGOMATICO SEM OSTEOSSINTESE
404020704,OSTEOSSINTESE DA FRATURA DO OSSO ZIGOMATICO
404020739,RECONSTRUCAO PARCIAL DE MANDIBULA / MAXILA
404020771,RESSECCAO DE LESAO DA BOCA
404020780,RECONSTRUCAO TOTAL DE MANDIBULA/MAXILA
404030041,MICROCIRURGIA OTOLOGICA EM PACIENTE COM ANOMALIA CRANIO E BUCOMAXILOFACIAL
404030050,OSTEOTOMIA DA MANDIBULA EM PACIENTE COM ANOMALIA CRANIO E BUCOMAXILOFACIAL
404030076,LABIOPLASTIA UNILATERAL EM DOIS TEMPOS
404030106,PALATOPLASTIA PRIMARIA EM PACIENTE COM ANOMALIA CRANIO E BUCOMAXILOFACIAL
404030122,LABIOPLASTIA SECUNDARIA EM PACIENTE COM ANOMALIA CRANIO E BUCOMAXILOFACIAL
404030130,RINOSEPTOPLASTIA EM PACIENTE COM ANOMALIA CRANIO E BUCOMAXILOFACIAL
404030246,TRATAMENTO CIRURGICO DE FISTULA ORO-SINUSAL EM PACIENTE COM ANOMALIA CRANIO E BUCOMAXILOFACIAL
404030262,PALATOPLASTIA SECUNDARIA EM PACIENTE COM ANOMALIA CRANIO E BUCOMAXILOFACIAL
404030289,TRATAMENTO CIRURGICO REPARADOR DA FISSURA FACIAL RARA EM PACIENTES COM ANOMALIA CRANIO E BUCOMAXILO
404030327,OSTEOPLASTIA FRONTO - ORBITAL
405010010,CORRECAO CIRURGICA DE ENTROPIO E ECTROPIO
405010028,CORRECAO CIRURGICA DE EPICANTO E TELECANTO
405010036,DACRIOCISTORRINOSTOMIA
405010079,EXERESE DE CALAZIO E OUTRAS PEQUENAS LESOES DA PALPEBRA E SUPERCILIOS
405010125,RECONSTITUICAO PARCIAL DE PALPEBRA COM TARSORRAFIA
405010133,RECONSTITUICAO TOTAL DE PALPEBRA
405010176,SUTURA DE PALPEBRAS
405020015,CORRECAO CIRURGICA DE ESTRABISMO (ACIMA DE 2 MUSCULOS)
405020023,CORRECAO CIRURGICA DO ESTRABISMO (ATE 2 MUSCULOS)
405030096,SUTURA DE ESCLERA
405030134,VITRECTOMIA ANTERIOR
405030142,VITRECTOMIA POSTERIOR
405030169,VITRECTOMIA POSTERIOR COM INFUSAO DE PERFLUOCARBONO E ENDOLASER
405030177,VITRECTOMIA POSTERIOR COM INFUSAO DE PERFLUOCARBONO/OLEO DE SILICONE/ENDOLASER
405030193,PAN-FOTOCOAGULACAO DE RETINA A LASER
405040059,DESCOMPRESSAO DE ORBITA
405040067,ENUCLEACAO DE GLOBO OCULAR
405040075,EVISCERACAO DE GLOBO OCULAR
405040105,EXPLANTE DE LENTE INTRA OCULAR
405040148,ORBITOTOMIA
405040156,RECONSTITUICAO DE CAVIDADE ORBITARIA
405040164,RECONSTITUICAO DE PAREDE DA ORBITA
405040202,TRATAMENTO DE PTOSE PALPEBRAL
405050046,CICLOCRIOCOAGULACAO / DIATERMIA
405050097,FACECTOMIA COM IMPLANTE DE LENTE INTRA-OCULAR
405050135,IMPLANTE DE PROTESE ANTI-GLAUCOMATOSA
405050224,RECONSTITUICAO DE FORNIX CONJUNTIVAL
405050232,RECONSTRUCAO DE CAMARA ANTERIOR DO OLHO
405050321,TRABECULECTOMIA
405050372,FACOEMULSIFICACAO COM IMPLANTE DE LENTE INTRA-OCULAR DOBRAVEL
405050402,RADIACAO PARA CROSS LINKING CORNEANO
406010048,AMPLIACAO DE VIA DE SAIDA DO VENTRICULO DIREITO E/OU RAMOS PULMONARES
406010072,ANASTOMOSE CAVO-PULMONAR TOTAL
406010102,CARDIORRAFIA
406010137,CORRECAO DE ANEURISMA / DISSECCAO DA AORTA TORACO-ABDOMINAL
406010153,CORRECAO DE ATRESIA PULMONAR E COMUNICACAO INTERVENTRICULAR
406010196,CORRECAO DE COMUNICACAO INTERVENTRICULAR
406010218,CORRECAO DE COR TRIATRIATUM
406010250,CORRECAO DE DRENAGEM ANOMALA TOTAL DE VEIAS PULMONARES
406010331,CORRECAO DE HIPOPLASIA DE VENTRICULO ESQUERDO
406010412,CORRECAO DE PERSISTENCIA DO CANAL ARTERIAL NO RECEM-NASCIDO
406010420,CORRECAO DE TETRALOGIA DE FALLOT E VARIANTES (CRIANCA E ADOLESCENTE)
406010463,CORRECAO DE TRONCO ARTERIOSO PERSISTENTE
406010498,CORRECAO DO CANAL ATRIO-VENTRICULAR (TOTAL)
406010510,DRENAGEM C/ BIOPSIA DE PERICARDIO
406010536,FECHAMENTO DE COMUNICACAO INTERATRIAL
406010544,FECHAMENTO DE COMUNICACAO INTERVENTRICULAR
406010579,IMPLANTE DE CARDIOVERSOR DESFIBRILADOR (CDI) MULTI-SITIO TRANSVENOSO EPIMIOCARDICO POR TORACOTOMIA P
406010587,IMPLANTE DE CARDIOVERSOR DESFIBRILADOR DE CAMARA DUPLA TRANSVENOSO
406010609,IMPLANTE DE CARDIOVERSOR DESFIBRILADOR (CDI) MULTI-SITIO TRANSVENOSO
406010633,IMPLANTE DE MARCAPASSO CARDIACO MULTI-SITIO TRANSVENOSO
406010650,IMPLANTE DE MARCAPASSO DE CAMARA DUPLA TRANSVENOSO
406010676,IMPLANTE DE MARCAPASSO DE CAMARA UNICA TRANSVENOSO
406010684,IMPLANTE DE MARCAPASSO TEMPORARIO TRANSVENOSO
406010692,IMPLANTE DE PROTESE VALVAR
406010773,PERICARDIOCENTESE
406010790,PLASTICA DE LOJA DE GERADOR DE SISTEMA DE ESTIMULACAO CARDIACA ARTIFICIAL
406010803,PLASTICA VALVAR
406010820,PLASTICA VALVAR E/OU TROCA VALVAR MULTIPLA
406010838,RECONSTRUCAO DA RAIZ DA AORTA
406010846,RECONSTRUCAO DA RAIZ DA AORTA C/ TUBO VALVADO
406010862,REPOSICIONAMENTO DE ELETRODOS DE MARCAPASSO
406010900,RESSECCAO DE TUMOR INTRACARDIACO
406010919,RETIRADA DE SISTEMA DE ESTIMULACAO CARDIACA ARTIFICIAL
406010927,REVASCULARIZACAO MIOCARDICA COM USO DE EXTRACORPOREA
406010935,REVASCULARIZACAO MIOCARDICA C/ USO DE EXTRACORPOREA (C/ 2 OU MAIS ENXERTOS)
406010986,TROCA DE AORTA ASCENDENTE
406011109,TROCA DE GERADOR DE CARDIO-DESFIBRILADOR DE CAMARA UNICA / DUPLA
406011117,TROCA DE GERADOR DE CARDIO-DESFIBRILADOR MULTI-SITIO
406011125,TROCA DE GERADOR DE MARCAPASSO DE CAMARA DUPLA
406011133,TROCA DE GERADOR DE MARCAPASSO DE CAMARA UNICA
406011141,TROCA DE GERADOR DE MARCAPASSO MULTI-SITIO
406011150,TROCA DE GERADOR E DE ELETRODO DE MARCAPASSO DE CAMARA UNICA
406011168,TROCA DE GERADOR E DE ELETRODOS DE CARDIO-DESFIBRILADOR
406011184,TROCA DE GERADOR E DE ELETRODOS DE MARCAPASSO DE CAMARA DUPLA
406011206,TROCA VALVAR C/ REVASCULARIZACAO MIOCARDICA
406011281,AMPLIACAO DE VIA DE SAIDA DO VENTRICULO DIREITO E/OU RAMOS PULMONARES (CRIANCA E ADOLESCENTE)
406011303,ANASTOMOSE CAVO-PULMONAR BIDIRECIONAL (CRIANCA E ADOLESCENTE)
406011311,ANASTOMOSE SISTEMICO-PULMONAR (CRIANCA E ADOLESCENTE)
406011320,BANDAGEM DA ARTERIA PULMONAR (CRIANCA E ADOLESCENTE)
406011427,CORRECAO DE PERSISTENCIA DO CANAL ARTERIAL (CRIANCA E ADOLESCENTE)
406011451,FECHAMENTO DE COMUNICACAO INTERATRIAL (CRIANCA E ADOLESCENTE)
406011460,FECHAMENTO DE COMUNICACAO INTERVENTRICULAR (CRIANCA E ADOLESCENTE)
406011494,RESSECCAO DE MEMBRANA SUB-AORTICA (CRIANCA E ADOLESCENTE)
406020043,ANEURISMECTOMIA DE AORTA ABDOMINAL INFRA-RENAL
406020051,ANEURISMECTOMIA TORACO-ABDOMINAL
406020078,IMPLANTACAO DE CATETER DE LONGA PERMANENCIA SEMI OU TOTALMENTE IMPLANTAVEL (PROCEDIMENTO PRINCIPAL
406020116,DRENAGEM DE GANGLIO LINFATICO
406020124,EMBOLECTOMIA ARTERIAL
406020159,EXERESE DE GANGLIO LINFATICO
406020167,FASCIOTOMIA P/ DESCOMPRESSAO
406020221,LINFADENECTOMIA RADICAL AXILAR UNILATERAL
406020248,LINFADENECTOMIA RADICAL CERVICAL UNILATERAL
406020256,LINFADENECTOMIA RADICAL INGUINAL BILATERAL
406020264,LINFADENECTOMIA RADICAL INGUINAL UNILATERAL
406020302,PLASTIA ARTERIAL COM REMENDO (QUALQUER TECNICA)
406020310,PONTE AXILO-BIFEMURAL
406020337,PONTE DE RAMOS DOS TRONCOS SUPRA-AORTICOS
406020345,PONTE FEMORO-FEMURAL CRUZADA
406020353,PONTE-TROMBOENDARTERECTOMIA AORTO-FEMURAL
406020370,PONTE-TROMBOENDARTERECTOMIA DE CAROTIDA
406020388,PONTE-TROMBOENDARTERECTOMIA ILIACO-FEMURAL
406020426,REVASCULARIZACAO DO MEMBRO SUPERIOR
406020434,REVASCULARIZACAO POR PONTE / TROMBOENDARTERECTOMIA DE OUTRAS ARTERIAS DISTAIS
406020442,REVASCULARIZACAO POR PONTE / TROMBOENDARTERECTOMIA FEMURO-POPLITEA DISTAL
406020450,REVASCULARIZACAO POR PONTE / TROMBOENDARTERECTOMIA FEMURO-POPLITEA PROXIMAL
406020477,TRANSPOSICAO DE VEIAS DO SISTEMA VENOSO PROFUNDO
406020515,TRATAMENTO CIRURGICO DE LESOES VASCULARES TRAUMATICAS DE MEMBRO INFERIOR UNILATERAL
406020523,TRATAMENTO CIRURGICO DE LESOES VASCULARES TRAUMATICAS DE MEMBRO SUPERIOR BILATERAL
406020531,TRATAMENTO CIRURGICO DE LESOES VASCULARES TRAUMATICAS DE MEMBRO SUPERIOR UNILATERAL
406020540,TRATAMENTO CIRURGICO DE LESOES VASCULARES TRAUMATICAS DO ABDOMEN
406020558,TRATAMENTO CIRURGICO DE LINFEDEMA
406020566,TRATAMENTO CIRURGICO DE VARIZES (BILATERAL)
406020574,TRATAMENTO CIRURGICO DE VARIZES (UNILATERAL)
406020590,TROMBECTOMIA DO SISTEMA VENOSO
406030014,ANGIOPLASTIA CORONARIANA
406030022,ANGIOPLASTIA CORONARIANA C/ IMPLANTE DE DOIS STENTS
406030030,ANGIOPLASTIA CORONARIANA COM IMPLANTE DE STENT
406030049,ANGIOPLASTIA CORONARIANA PRIMARIA
406030057,ANGIOPLASTIA COM IMPLANTE DE DUPLO STENT EM AORTA/ARTERIA PULMONAR E RAMOS
406030073,ANGIOPLASTIA EM ENXERTO CORONARIANO (COM IMPLANTE DE STENT)
406030081,ATRIOSEPTOSTOMIA COM CATETER BALAO
406030090,FECHAMENTO PERCUTANEO DO CANAL ARTERIAL / FISTULAS ARTERIOVENOSAS COM LIBERACAO DE COILS
406030103,RETIRADA DE CORPO ESTRANHO DE SISTEMA CARDIOVASCULAR POR TECNICAS HEMODINAMICAS
406030111,VALVULOPLASTIA AORTICA PERCUTANEA
406030120,VALVULOPLASTIA MITRAL PERCUTANEA
406030138,VALVULOPLASTIA PULMONAR PERCUTANEA
406030154,FECHAMENTO PERCUTANEO DE COMUNICACAO INTERATRIAL SEPTAL.
406040010,ALCOOLIZACAO PERCUTANEA DE HEMANGIOMA E MALFORMACAO VENOSAS (INCLUI ESTUDO ANGIOGRAFICO)
406040028,"ANGIOPLASTIA INTRALUMINAL DE AORTA, VEIA CAVA / VASOS ILIACOS (COM STENT)"
406040044,"ANGIOPLASTIA INTRALUMINAL DE AORTA, VEIA CAVA / VASOS ILIACOS (SEM STENT)"
406040052,ANGIOPLASTIA INTRALUMINAL DE VASOS DAS EXTREMIDADES (SEM STENT)
406040060,ANGIOPLASTIA INTRALUMINAL DE VASOS DAS EXTREMIDADES (COM STENT NAO RECOBERTO)
406040095,ANGIOPLASTIA INTRALUMINAL DE VASOS DO PESCOCO OU TRONCOS SUPRA-AORTICOS (COM STENT NAO RECOBERTO)
406040109,ANGIOPLASTIA INTRALUMINAL DE VASOS VISCERAIS COM STENT NAO RECOBERTO
406040125,ANGIOPLASTIA INTRALUMINAL DE VASOS VISCERAIS / RENAIS
406040133,ANGIOPLASTIA INTRALUMINAL DOS VASOS DO PESCOCO / TRONCOS SUPRA-AORTICOS (COM STENT RECOBERTO)
406040141,COLOCACAO PERCUTANEA DE FILTRO DE VEIA CAVA (NA TROMBOSE VENOSA PERIFERICA E EMBOLIA PULMONAR)
406040150,CORRECAO ENDOVASCULAR DE ANEURISMA / DISSECCAO DA AORTA ABDOMINAL COM ENDOPROTESE RETA / CONICA
406040168,CORRECAO ENDOVASCULAR DE ANEURISMA / DISSECCAO DA AORTA ABDOMINAL E ILIACAS COM ENDOPROTESE BIF
406040176,CORRECAO ENDOVASCULAR DE ANEURISMA / DISSECCAO DA AORTA TORACICA COM ENDOPROTESE RETA OU CONIC
406040184,CORRECAO ENDOVASCULAR DE ANEURISMA / DISSECCAO DAS ILIACAS COM ENDOPROTESE TUBULAR
406040192,EMBOLIZACAO ARTERIAL DE HEMORRAGIA DIGESTIVA (INCLUI PROCEDIMENTO ENDOSCOPICO E/OU ESTUDO ANGIOGR
406040206,EMBOLIZACAO DE MALFORMACAO VASCULAR ARTERIO-VENOSA (INCLUI ESTUDO ANGIOGRAFICO)
406040230,FIBRINOLISE INTRAVASCULAR POR CATETER (INCLUI FIBRINOLITICO)
406040265,IMPLANTACAO DE SHUNT INTRA-HEPATICO PORTO-SISTEMICO (TIPS) COM STENT NAO RECOBERTO
406040273,OCLUSAO PERCUTANEA ENDOVASCULAR DE ARTERIA / VEIA
406040303,TRATAMENTO DE HEMATURIA OU SANGRAMENTO GENITAL POR EMBOLIZACAO (INCLUI ESTUDO ANGIOGRAFICO E/OU EN
406040311,TRATAMENTO DE HEMOPTISE POR EMBOLIZACAO PERCUTANEA (INCLUI ESTUDO ANGIOGRAFICO)
406040320,TRATAMENTO ENDOVASCULAR DE FISTULAS ARTERIOVENOSAS
406040338,TRATAMENTO ENDOVASCULAR DO PSEUDOANEURISMA
406050015,ESTUDO ELETROFISIOLOGICO DIAGNOSTICO
406050023,ESTUDO ELETROFISIOLOGICO TERAPEUTICO I (ABLACAO DE FLUTTER ATRIAL)
406050031,ESTUDO ELETROFISIOLOGICO TERAPEUTICO I (ABLACAO DE TAQUICARDIA ATRIAL DIREITA)
406050040,ESTUDO ELETROFISIOLOGICO TERAPEUTICO I (ABLACAO DE TAQUICARDIA POR REENTRADA NODAL DE VIAS ANOMA
406050058,ESTUDO ELETROFISIOLOGICO TERAPEUTICO I (ABLACAO DO NODULO ARCHOV-TAWARA)
406050066,ESTUDO ELETROFISIOLOGICO TERAPEUTICO II (ABLACAO DAS VIAS ANOMALAS MULTIPLAS)
406050074,ESTUDO ELETROFISIOLOGICO TERAPEUTICO II (ABLACAO DE FIBRILACAO ATRIAL)
406050082,ESTUDO ELETROFISIOLOGICO TERAPEUTICO II (ABLACAO DE TAQUICARDIA ATRIAL CICATRICIAL)
406050090,ESTUDO ELETROFISIOLOGICO TERAPEUTICO II (ABLACAO DE TAQUICARDIA ATRIAL CICATRICIAL)
406050112,ESTUDO ELETROFISIOLOGICO TERAPEUTICO II (ABLACAO DE TAQUICARDIA VENTRICULAR IDIOPATICA DO SEIO D
406050120,ESTUDO ELETROFISIOLOGICO TERAPEUTICO II (ABLACAO DE TAQUICARDIA VENTRICULAR SUSTENTADA COM CARDIO
406050139,ESTUDO ELETROFISIOLOGICO TERAPEUTICO II (ABLACAO DE VIAS ANOMALAS ESQUERDAS)
407010084,ESOFAGOPLASTIA / GASTROPLASTIA
407010092,ESOFAGORRAFIA CERVICAL
407010114,ESOFAGOSTOMIA
407010122,GASTRECTOMIA COM OU SEM DESVIO DUODENAL
407010130,GASTRECTOMIA PARCIAL COM OU SEM VAGOTOMIA
407010165,GASTROENTEROANASTOMOSE
407010173,GASTROPLASTIA COM DERIVACAO INTESTINAL
407010190,GASTRORRAFIA
407010203,GASTRORRAFIA VIDEOLAPAROSCOPICA
407010211,GASTROSTOMIA
407010220,GASTROSTOMIA VIDEOLAPAROSCOPICA
407010238,PILOROPLASTIA
407010297,TRATAMENTO CIRURGICO DE REFLUXO GASTROESOFAGICO
407010386,CIRURGIA BARIATRICA POR VIDEOLAPAROSCOPIA
407020039,APENDICECTOMIA
407020047,APENDICECTOMIA VIDEOLAPAROSCOPICA
407020063,COLECTOMIA PARCIAL (HEMICOLECTOMIA)
407020098,COLORRAFIA POR VIA ABDOMINAL
407020101,COLOSTOMIA
407020136,DRENAGEM DE ABSCESSO ANU-RETAL
407020144,DRENAGEM DE ABSCESSO ISQUIORRETAL
407020179,ENTERECTOMIA
407020187,ENTEROANASTOMOSE (QUALQUER SEGMENTO)
407020195,ENTEROPEXIA (QUALQUER SEGMENTO)
407020209,ENTEROTOMIA E/OU ENTERORRAFIA C/ SUTURA / RESSECCAO (QUALQUER SEGMENTO)
407020217,ESFINCTEROTOMIA INTERNA E TRATAMENTO DE FISSURA ANAL
407020225,EXCISAO DE LESAO / TUMOR ANU-RETAL
407020241,FECHAMENTO DE ENTEROSTOMIA (QUALQUER SEGMENTO)
407020276,FISTULECTOMIA / FISTULOTOMIA ANAL
407020284,HEMORROIDECTOMIA
407020292,HERNIORRAFIA COM RESSECCAO INTESTINAL (HERNIA ESTRANGULADA)
407020306,JEJUNOSTOMIA / ILEOSTOMIA
407020322,PLASTICA ANAL EXTERNA / ESFINCTEROPLASTIA ANAL
407020349,PROCTOPEXIA ABDOMINAL POR PROCIDENCIA DO RETO
407020357,PROCTOPLASTIA E PROCTORRAFIA POR VIA PERINEAL
407020365,REDUCAO CIRURGICA DE VOLVO POR LAPAROTOMIA
407020381,REMOCAO CIRURGICA DE FECALOMA
407020403,RETOSSIGMOIDECTOMIA ABDOMINAL
407020420,TRATAMENTO CIRURGICO DE ANOMALIAS CONGENITAS DO ANUS E RETO
407020462,TRATAMENTO CIRURGICO DE MA ROTACAO INTESTINAL
407020470,TRATAMENTO CIRURGICO DE PROLAPSO ANAL
407030018,ANASTOMOSE BILEO-DIGESTIVA
407030026,COLECISTECTOMIA
407030034,COLECISTECTOMIA VIDEOLAPAROSCOPICA
407030042,COLECISTOSTOMIA
407030050,COLEDOCOPLASTIA
407030069,COLEDOCOTOMIA COM OU SEM COLECISTECTOMIA
407030123,ESPLENECTOMIA
407030131,HEPATECTOMIA PARCIAL
407030166,HEPATOTOMIA E DRENAGEM DE ABSCESSO / CISTO
407030182,PANCREATECTOMIA PARCIAL
407030247,TRATAMENTO CIRURGICO DE CISTOS PANCREATICOS
407030255,COLANGIOPANCREATOGRAFIA RETROGRADA ENDOSCOPICA TERAPEUTICA
407040013,DRENAGEM DE ABSCESSO PELVICO
407040021,DRENAGEM DE ABSCESSO SUBFRENICO
407040030,DRENAGEM DE HEMATOMA / ABSCESSO PRE-PERITONEAL
407040048,HERNIOPLASTIA DIAFRAGMATICA (VIA ABDOMINAL)
407040056,HERNIOPLASTIA DIAFRAGMATICA (VIA TORACICA)
407040064,HERNIOPLASTIA EPIGASTRICA
407040080,HERNIOPLASTIA INCISIONAL
407040099,HERNIOPLASTIA INGUINAL (BILATERAL)
407040102,HERNIOPLASTIA INGUINAL / CRURAL (UNILATERAL)
407040110,HERNIOPLASTIA RECIDIVANTE
407040129,HERNIOPLASTIA UMBILICAL
407040137,HERNIORRAFIA INGUINAL VIDEOLAPAROSCOPICA
407040145,HERNIORRAFIA SEM RESSECCAO INTESTINAL (HERNIA ESTRANGULADA )
407040153,HERNIORRAFIA UMBILICAL VIDEOLAPAROSCOPICA
407040161,LAPAROTOMIA EXPLORADORA
407040170,LAPAROTOMIA VIDEOLAPAROSCOPICA PARA DRENAGEM E/OU BIOPSIA
407040188,LIBERACAO DE ADERENCIAS INTESTINAIS
407040200,PERITONIOSTOMIA COM TELA INORGANICA
407040226,REPARACAO DE OUTRAS HERNIAS
407040242,RESSUTURA DE PAREDE ABDOMINAL (POR DEISCENCIA TOTAL / EVISCERACAO)
407040250,TRATAMENTO CIRURGICO DE PERITONITE
408010045,ARTROPLASTIA ESCAPULO-UMERAL PARCIAL
408010053,ARTROPLASTIA ESCAPULO-UMERAL TOTAL
408010061,ARTROPLASTIA ESCAPULO-UMERAL TOTAL - REVISAO / RECONSTRUCAO
408010118,OSTEOTOMIA DA CLAVICULA OU DA ESCAPULA
408010134,REDUCAO INCRUENTA DE LUXACAO OU FRATURA / LUXACAO ESCAPULO-UMERAL
408010142,REPARO DE ROTURA DO MANGUITO ROTADOR (INCLUI PROCEDIMENTOS DESCOMPRESSIVOS)
408010150,TRATAMENTO CIRURGICO DE FRATURA DA CLAVICULA
408010169,TRATAMENTO CIRURGICO DE FRATURA DO COLO E CAVIDADE GLENOIDE DE ESCAPULA
408010185,TRATAMENTO CIRURGICO DE LUXACAO / FRATURA-LUXACAO ACROMIO-CLAVICULAR
408010193,TRATAMENTO CIRURGICO DE LUXACAO / FRATURA-LUXACAO ESCAPULO-UMERAL AGUDA
408010215,TRATAMENTO CIRURGICO DE LUXACAO RECIDIVANTE / HABITUAL DE ARTICULACAO ESCAPULO-UMERAL
408010223,TRATAMENTO CIRURGICO DE RETARDO DE CONSOLIDACAO DA PSEUDARTROSE DE CLAVICULA / ESCAPULA
408010231,TRATAMENTO CIRURGICO DA SINDROME DO IMPACTO SUB-ACROMIAL
408020016,AMPUTACAO / DESARTICULACAO DE MAO E PUNHO
408020024,AMPUTACAO / DESARTICULACAO DE MEMBROS SUPERIORES
408020032,ARTRODESE DE MEDIAS / GRANDES ARTICULACOES DE MEMBRO SUPERIOR
408020040,ARTROPLASTIA DE ARTICULACAO DA MAO
408020059,ARTROPLASTIA DE CABECA DO RADIO
408020105,FASCIOTOMIA DE MEMBROS SUPERIORES
408020121,REALINHAMENTO DE MECANISMO EXTENSOR DOS DEDOS DA MAO
408020148,RECONSTRUCAO DE POLIA TENDINOSA DOS DEDOS DA MAO
408020156,REDUCAO INCRUENTA DE FRATURA / LESAO FISARIA DE COTOVELO
408020164,REDUCAO INCRUENTA DE FRATURA / LESAO FISARIA DO EXTREMO PROXIMAL DO UMERO
408020172,REDUCAO INCRUENTA DE FRATURA / LESAO FISARIA NO PUNHO
408020180,REDUCAO INCRUENTA DE FRATURA / LUXACAO DE MONTEGGIA OU DE GALEAZZI
408020199,REDUCAO INCRUENTA DE FRATURA DA DIAFISE DO UMERO
408020202,REDUCAO INCRUENTA DE FRATURA DIAFISARIA DOS OSSOS DO ANTEBRACO
408020210,REDUCAO INCRUENTA DE FRATURA DOS METACARPIANOS
408020229,REDUCAO INCRUENTA DE LUXACAO / FRATURA-LUXACAO DO COTOVELO
408020245,REDUCAO INCRUENTA DE LUXACAO OU FRATURA / LUXACAO NO PUNHO
408020261,REIMPLANTE DO TERCO DISTAL DO ANTEBRACO ATE OS METACARPIANOS
408020270,REIMPLANTE OU REVASCULARIZACAO AO NIVEL DA MAO E OUTROS DEDOS (EXCETO POLEGAR)
408020300,TENOSINOVECTOMIA EM MEMBRO SUPERIOR
408020326,TRATAMENTO CIRURGICO DE DEDO EM GATILHO
408020334,TRATAMENTO CIRURGICO DE FRATURA / LESAO FISARIA DA EXTREMIDADE PROXIMAL DO UMERO
408020342,TRATAMENTO CIRURGICO DE FRATURA / LESAO FISARIA DAS FALANGES DA MAO (COM FIXACAO)
408020350,TRATAMENTO CIRURGICO DE FRATURA / LESAO FISARIA DE EPI~CONDILO / EPITROCLEA DO UMERO
408020369,TRATAMENTO CIRURGICO DE FRATURA / LESAO FISARIA DO CONDILO / TROCLEA/APOFISE CORONOIDE DO ULNA /
408020377,TRATAMENTO CIRURGICO DE FRATURA / LESAO FISARIA DOS METACARPIANOS
408020385,TRATAMENTO CIRURGICO DE FRATURA / LESAO FISARIA SUPRACONDILIANA DO UMERO
408020393,TRATAMENTO CIRUGICO DE FRATURA DA DIAFISE DO UMERO
408020407,TRATAMENTO CIRURGICO DE FRATURA DA EXTREMIDADE / METAFISE DISTAL DOS OSSOS DO ANTEBRACO
408020415,TRATAMENTO CIRURGICO DE FRATURA DE EXTREMIDADES / METAFISE PROXIMAL DOS OSSOS DO ANTEBRACO
408020423,TRATAMENTO CIRURGICO DE FRATURA DIAFISARIA DE AMBOS OS OSSOS DO ANTEBRACO (C/ SINTESE)
408020431,TRATAMENTO CIRURGICO DE FRATURA DIAFISARIA UNICA DO RADIO / DA ULNA
408020440,TRATAMENTO CIRURGICO DE FRATURA LESAO FISARIA DOS OSSOS DO ANTEBRACO
408020458,TRATAMENTO CIRURGICO DE FRATURA-LUXACAO DE GALEAZZI / MONTEGGIA / ESSEX-LOPRESTI
408020466,TRATAMENTO CIRURGICO DE FRATURAS DOS OSSOS DO CARPO
408020482,TRATAMENTO CIRURGICO DE LESAO AGUDA CAPSULO-LIGAMENTAR DO MEMBRO SUPERIOR: COTOVELO / PUNHO
408020512,TRATAMENTO CIRURGICO DE LUXACAO / FRATURA-LUXACAO CARPO-METACARPIANA
408020520,TRATAMENTO CIRURGICO DE LUXACAO / FRATURA-LUXACAO DOS OSSOS DO CARPO
408020539,TRATAMENTO CIRURGICO DE LUXACAO / FRATURA-LUXACAO METACARPO-FALANGIANA
408020547,TRATAMENTO CIRURGICO DE LUXACAO OU FRATURA-LUXACAO DO COTOVELO
408020555,TRATAMENTO CIRURGICO DE PSEUDARTROSE / RETARDO DE CONSOLIDACAO / PERDA OSSEA DA MAO
408020563,TRATAMENTO CIRURGICO DE PSEUDARTROSE / RETARDO DE CONSOLIDACAO / PERDA OSSEA DO ANTEBRACO
408020571,TRATAMENTO CIRURGICO DE PSEUDARTROSE / RETARDO DE CONSOLIDACAO / PERDA OSSEA DO UMERO
408020580,TRATAMENTO CIRURGICO DE PSEUDARTROSE AO NIVEL DO COTOVELO
408020598,TRATAMENTO CIRURGICO DE PSEUDARTROSE NA REGIAO METAFISE-EPIFISARIA DISTAL DO RADIO E ULNA
408020601,TRATAMENTO CIRURGICO DE PSEUDO-RETARDO / CONSOLIDACAO / PERDA OSSEA AO IIVEL DO CARPO
408020610,TRATAMENTO CIRURGICO DE ROTURA / DESINSERCAO / ARRANCAMENTO CAPSULO-TENO-LIGAMENTAR NA MAO
408020628,TRATAMENTO CIRURGICO DE SINDACTILIA DA MAO (POR ESPACO INTERDIGITAL)
408020644,TRATAMENTO CIRURGICO P/ CENTRALIZACAO DO PUNHO
408030020,ARTRODESE CERVICAL / CERVICO-TORACICA POSTERIOR UM NIVEL
408030038,ARTRODESE CERVICAL / CERVICO-TORACICA POSTERIOR DOIS NIVEIS
408030046,ARTRODESE CERVICAL / CERVICO-TORACICA POSTERIOR SEIS NIVEIS
408030054,ARTRODESE CERVICAL / CERVICO-TORACICA POSTERIOR TRES NIVEIS
408030062,ARTRODESE CERVICAL ANTERIOR TRES NIVEIS
408030070,ARTRODESE CERVICAL ANTERIOR DOIS NIVEIS
408030089,ARTRODESE CERVICAL ANTERIOR C1-C2 VIA TRANS-ORAL / EXTRA-ORAL
408030100,ARTRODESE CERVICAL ANTERIOR QUATRO NIVEIS
408030119,ARTRODESE CERVICAL ANTERIOR UM NIVEL
408030127,ARTRODESE CERVICAL POSTERIOR C1-C2
408030135,ARTRODESE INTERSOMATICA VIA POSTERIOR / POSTERO-LATERAL UM NIVEL
408030143,ARTRODESE INTERSOMATICA VIA POSTERIOR / POSTERO-LATERAL DOIS NIVEIS
408030151,ARTRODESE INTERSOMATICA VIA POSTERIOR / POSTERO-LATERAL QUATRO NIVEIS
408030160,ARTRODESE INTERSOMATICA VIA POSTERIOR / POSTERO-LATERAL TRES NIVEIS
408030178,ARTRODESE OCCIPTO-CERVICAL (C2) POSTERIOR
408030267,ARTRODESE TORACO-LOMBO-SACRA POSTERIOR UM NIVEL
408030275,ARTRODESE TORACO-LOMBO-SACRA POSTERIOR TRES NIVEIS
408030283,ARTRODESE TORACO-LOMBO-SACRA POSTERIOR CINCO NIVEIS
408030291,"ARTRODESE TORACO-LOMBO-SACRA POSTERIOR, DOIS NIVEIS,"
408030305,"ARTRODESE TORACO-LOMBO-SACRA POSTERIOR, QUATRO NIVEIS,"
408030313,"ARTRODESE TORACO-LOMBO-SACRA POSTERIOR, SEIS NIVEIS,"
408030321,"ARTRODESE TORACO-LOMBO-SACRA POSTERIOR, SETE NIVEIS,"
408030380,DISCECTOMIA CERVICAL / LOMBAR / LOMBO-SACRA POR VIA POSTERIOR (1 NIVEL C/ MICROSCOPIO)
408030399,DISCECTOMIA CERVICAL / LOMBAR / LOMBO-SACRA POR VIA POSTERIOR (UM NIVEL)
408030402,DISCECTOMIA CERVICAL / LOMBAR / LOMBO-SACRA POR VIA POSTERIOR (DOIS NIVEIS)
408030410,DISCECTOMIA CERVICAL / LOMBAR / LOMBO-SACRA POR VIA POSTERIOR (DOIS OU MAIS NIVEIS C/ MICROSCOPIO)
408030437,DISCECTOMIA CERVICAL POR VIA ANTERIOR (1 NIVEL)
408030470,DRENAGEM CIRURGICA DO ILIOPSOAS
408030534,RESSECCAO DE ELEMENTO VERTEBRAL POSTERIOR / POSTERO-LATERAL / DISTAL A C2 (MAIS DE 2 SEGMENTOS)
408030542,RESSECCAO DE ELEMENTO VERTEBRAL POSTERIOR / POSTERO-LATERAL DISTAIL A C2 (AT 2 SEGMENTOS)
408030607,RETIRADA DE CORPO ESTRANHO DA COLUNA TORACO-LOMBO-SACRA POR VIA POSTERIOR
408030631,REVISAO DE ARTRODESE / TRATAMENTO CIRURGICO DE PSEUDARTROSE DA COLUNA TORACO-LOMBO-SACRA POSTERIOR
408030739,TRATAMENTO CIRURGICO DE DEFORMIDADE DA COLUNA VIA POSTERIOR OITO NIVEIS
408030771,TRATAMENTO CIRURGICO DESCOMPRESSIVO AO NIVEL DO DESFILADEIRO TORACICO
408030801,TRATAMENTO CIRURGICO DE DEFORMIDADE DA COLUNA VIA POSTERIOR DOZE NIVEIS OU MAIS
408030879,TRATAMENTO CIRURGICO DE DEFORMIDADE DA COLUNA VIA POSTERIOR TRES NIVEIS
408030887,TRATAMENTO CIRURGICO DE DEFORMIDADE DA COLUNA VIA POSTERIOR QUATRO NIVEIS
408040025,ARTRODESE DA SINFISE PUBICA
408040041,ARTROPLASTIA DE QUADRIL (NAO CONVENCIONAL)
408040050,ARTROPLASTIA PARCIAL DE QUADRIL
408040076,ARTROPLASTIA DE REVISAO OU RECONSTRUCAO DO QUADRIL
408040084,ARTROPLASTIA TOTAL PRIMARIA DO QUADRIL CIMENTADA
408040092,ARTROPLASTIA TOTAL PRIMARIA DO QUADRIL NAO CIMENTADA / HIBRIDA
408040106,DESARTICULACAO COXOFEMORAL
408040130,EPIFISIODESE FEMORAL PROXIMAL IN SITU
408040149,OSTECTOMIA DA PELVE
408040157,OSTEOTOMIA DA PELVE
408040165,RECONSTRUCAO OSTEOPLASTICA DO QUADRIL
408040173,REDUCAO INCRUENTA C/ MANIPULACAO DE LUXACAO ESPONTANEA / PROGRESSIVA DO QUADRIL COM APLICACA
408040190,REDUCAO INCRUENTA DE LUXACAO COXOFEMORAL TRAUMATICA / POS-ARTROPLASTIA
408040203,REDUCAO INCRUENTA DISJUNCAO / LUXACAO / FRATURA / FRATURA-LUXACAO AO NIVEL DO ANEL PELVICO
408040238,TRANSPOSICAO / ALONGAMENTO MIOTENDINOSO DO ILIOPSOAS EM DOENCA NEUROMUSCULAR
408040254,TRATAMENTO CIRURGICO DE ASSOCIACAO FRATURA / LUXACAO / FRATURA-LUXACAO / DISJUNCAO DO ANEL P
408040262,TRATAMENTO CIRURGICO DE FRATURA / LUXACAO / FRATURA-LUXACAO / DISJUNCAO DO ANEL PELVICO ANTER
408040289,TRATAMENTO CIRURGICO DE FRATURA / LUXACAO COXOFEMORAL C/ FRATURA DA EPIFISE FEMORAL
408040297,TRATAMENTO CIRURGICO DE FRATURA DO ACETABULO
408040319,TRATAMENTO CIRURGICO DE FRATURA-LUXACAO DA ARTICULACAO COXOFEMORAL (DUPLO ACESSO)
408040335,TRATAMENTO CIRURGICO DE LUXACAO COXO-FEMORAL TRAUMATICA / POS-ARTROPLASTIA
408040343,TRATAMENTO CIRURGICO DE LUXACAO ESPONTANEA / PROGRESSIVA / PARALITICA DO QUADRIL
408050012,AMPUTACAO / DESARTICULACAO DE MEMBROS INFERIORES
408050020,AMPUTACAO / DESARTICULACAO DE PE E TARSO
408050039,ARTRODESE DE MEDIAS / GRANDES ARTICULACOES DE MEMBRO INFERIOR
408050055,ARTROPLASTIA TOTAL DE JOELHO - REVISAO / RECONSTRUCAO
408050063,ARTROPLASTIA TOTAL PRIMARIA DO JOELHO
408050080,FASCIOTOMIA DE MEMBROS INFERIORES
408050101,PATELECTOMIA TOTAL OU PARCIAL
408050110,QUADRICEPSPLASTIA
408050128,REALINHAMENTO DO MECANISMO EXTENSOR DO JOELHO
408050136,RECONSTRUCAODE TENDAO PATELAR / TENDAO QUADRICIPITAL
408050144,RECONSTRUCAO LIGAMENTAR DO TORNOZELO
408050152,RECONSTRUCAO LIGAMENTAR EXTRA-ARTICULAR DO JOELHO
408050160,RECONSTRUCAOLIGAMENTAR INTRA-ARTICULAR DO JOELHO (CRUZADO ANTERIOR)
408050179,RECONSTRUCAO LIGAMENTAR INTRA-ARTICULAR DO JOELHO (CRUZADO POSTERIOR COM OU SEM ANTERIOR)
408050195,REDUCAO INCRUENTA DA LUXACAO / FRATURA-LUXACAO METATARSO-FALANGIANA / INTERFALANGIANA DO PE
408050209,REDUCAO INCRUENTA DE FRATURA / LESAO FISARIA DOS METATARSIANOS
408050217,REDUCAO INCRUENTA DE FRATURA / LUXACAO / FRATURA-LUXACAO DO TORNOZELO
408050225,REDUCAO INCRUENTA DE FRATURA DIAFISARIA / LESAO FISARIA DISTAL DA TIBIA C/ OU S/ FRATURA DA FIBULA
408050233,REDUCAO INCRUENTA DE FRATURA DIAFISARIA / LESAO FISARIA PROXIMAL DO FEMUR
408050268,REDUCAO INCRUENTA DE LUXACAO / FRATURA-LUXACAO DO JOELHO
408050322,REPARO DE BAINHA TENDINOSA AO NIVEL DO TORNOZELO
408050330,REVISAO CIRURGICA DE COTO DE AMPUTACAO EM MEMBRO INFERIOR (EXCETO DEDOS DO PE)
408050349,REVISAO CIRURGICA DO PE TORTO CONGENITO
408050373,TENOSINOVECTOMIA EM MEMBRO INFERIOR
408050390,TRANSFERENCIA MUSCULAR / TENDINOSA NO MEMBRO INFERIOR
408050454,TRATAMENTO CIRURGICO DE FRATURA / LESAO FISARIA DE OSSOS DO MEDIO-PE
408050462,TRATAMENTO CIRURGICO DE FRATURA / LESAO FISARIA DOS METATARSIANOS
408050470,TRATAMENTO CIRURGICO DE FRATURA / LESAO FISARIA DOS PODODACTILOS
408050489,TRATAMENTO CIRURGICO DE FRATURA / LESAO FISARIA PROXIMAL (COLO) DO FEMUR (SINTESE)
408050497,TRATAMENTO CIRURGICO DE FRATURA BIMALEOLAR / TRIMALEOLAR / DA FRATURA-LUXACAO DO TORNOZELO
408050500,TRATAMENTO CIRURGICO DE FRATURA DA DIAFISE DA TIBIA
408050519,TRATAMENTO CIRURGICO DE FRATURA DA DIAFISE DO FEMUR
408050527,TRATAMENTO CIRURGICO DE FRATURA DA PATELA POR FIXACAO INTERNA
408050535,TRATAMENTO CIRURGICO DE FRATURA DO CALCANEO
408050543,TRATAMENTO CIRURGICO DE FRATURA DO PILAO TIBIAL
408050551,TRATAMENTO CIRURGICO DE FRATURA DO PLANALTO TIBIAL
408050560,TRATAMENTO CIRURGICO DE FRATURA DO TALUS
408050578,TRATAMENTO CIRURGICO DE FRATURA DO TORNOZELO UNIMALEOLAR
408050586,TRATAMENTO CIRURGICO DE FRATURA INTERCONDILEANA / DOS CONDILOS DO FEMUR
408050594,TRATAMENTO CIRURGICO DE FRATURA LESAO FISARIA AO NIVEL DO JOELHO
408050608,TRATAMENTO CIRURGICO DE FRATURA LESAO FISARIA DISTAL DE TIBIA
408050616,TRATAMENTO CIRURGICO DE FRATURA SUBTROCANTERIANA
408050624,TRATAMENTO CIRURGICO DE FRATURA SUPRACONDILEANA DO FEMUR (METAFISE DISTAL)
408050632,TRATAMENTO CIRURGICO DE FRATURA TRANSTROCANTERIANA
408050659,TRATAMENTO CIRURGICO DE HALUX VALGUS COM OSTEOTOMIA DO PRIMEIRO OSSO METATARSIANO
408050667,TRATAMENTO CIRURGICO DE LESAO AGUDA CAPSULO-LIGAMENTAR MEMBRO INFERIOR (JOELHO / TORNOZELO)
408050675,TRATAMENTO CIRURGICO DE LESAO EVOLUTIVA FISARIA NO MEMBRO INFERIOR
408050683,TRATAMENTO CIRURGICO DE LUXACAO / FRATURA-LUXACAO AO NIVEL DO JOELHO
408050691,TRATAMENTO CIRURGICO DE LUXACAO / FRATURA-LUXACAO METATARSO-FALANGIANA / INTER-FALANGIANA
408050705,TRATAMENTO CIRURGICO DE LUXACAO / FRATURA-LUXACAO SUBTALAR E INTRA-TARSICA
408050713,TRATAMENTO CIRURGICO DE LUXACAO / FRATURA-LUXACAO TARSO-METATARSICA
408050721,TRATAMENTO CIRURGICO DE METATARSO PRIMO VARO
408050730,TRATAMENTO CIRURGICO DE PE CAVO
408050748,TRATAMENTO CIRURGICO DE PE PLANO VALGO
408050764,TRATAMENTO CIRURGICO DE PE TORTO CONGENITO
408050780,TRATAMENTO CIRURGICO DE PSEUDARTROSE / RETARDO DE CONSOLIDACAO / PERDA OSSEA AO NIVEL DO TARSO
408050799,TRATAMENTO CIRURGICO DE PSEUDARTROSE / RETARDO DE CONSOLIDACAO / PERDA OSSEA DA DIAFISE DO FEMU
408050829,TRATAMENTO CIRURGICO DE PSEUDARTROSE / RETARDO DE CONSOLIDACAO / PERDA OSSEA DO PE
408050837,TRATAMENTO CIRURGICO DE PSEUDARTROSE / RETARDO DE CONSOLIDACAO / PERDA OSSEA METAFISE DISTAL DO
408050845,TRATAMENTO CIRURGICO DE PSEUDARTROSE / RETARDO DE CONSOLIDACAO AO NIVEL DO JOELHO
408050861,TRATAMENTO CIRURGICO DE PSEUDARTROSE / RETARDO DE CONSOLIDACAO / PERDA OSSEA DA DIAFISE TIBIAL
408050870,TRATAMENTO CIRURGICO DE PSEUDARTROSE / RETARDO DE CONSOLIDACAO/ PERDA OSSEA DA METAFISE TIBIAL
408050888,TRATAMENTO CIRURGICO DE ROTURA DE MENISCO COM SUTURA MENISCAL UNI / BICOMPATIMENTAL
408050896,TRATAMENTO CIRURGICO DE ROTURA DO MENISCO COM MENISCECTOMIA PARCIAL / TOTAL
408050900,TRATAMENTO CIRURGICO DO HALUX RIGIDUS
408050918,TRATAMENTO CIRURGICO DO HALUX VALGUS S/ OSTEOTOMIA DO PRIMEIRO OSSO METATARSIANO
408050926,TRATAMENTO DAS LESOES OSTEO-CONDRAIS POR FIXACAO OU MOSAICOPLASTIA JOELHO/TORNOZELO
408060018,ALONGAMENTO / ENCURTAMENTO MIOTENDINOSO
408060034,ALONGAMENTO E/OU TRANSPORTE OSSEO DE OSSOS LONGOS (EXCETO DA MAO E DO PE)
408060042,AMPUTACAO / DESARTICULACAO DE DEDO
408060050,ARTRODESE DE PEQUENAS ARTICULACOES
408060069,ARTROPLASTIA DE RESSECCAO DE MEDIA / GRANDE ARTICULACAO
408060085,BURSECTOMIA
408060093,DESCOMPRESSAO COM ESVAZIAMENTO MEDULAR POR BROCAGEM / VIA CORTICOTOMIA
408060123,EXPLORACAO ARTICULAR C/ OU S/ SINOVECTOMIA DE MEDIAS / GRANDES ARTICULACOES
408060131,EXPLORACAO ARTICULAR C/ OU S/ SINOVECTOMIA DE PEQUENAS ARTICULACOES
408060140,FASCIECTOMIA
408060158,MANIPULACAO ARTICULAR
408060166,OSTECTOMIA DE OSSOS DA MAO E/OU DO PE
408060174,OSTECTOMIA DE OSSOS LONGOS EXCETO DA MAO E DO PE
408060182,OSTEOTOMIA DE OSSOS DA MAO E/OU DO PE
408060190,OSTEOTOMIA DE OSSOS LONGOS EXCETO DA MAO E DO PE
408060212,RESSECCAO DE CISTO SINOVIAL
408060239,RESSECCAO DE TUMOR E RECONSTRUCAO C/ RETALHO MICROCIRURGICO
408060247,RESSECCAO DE TUMOR E RECONSTRUCAO C/ RETALHO NAO MICROCIRURGICO (EXCETO MAO E PE)
408060271,RESSECCAO DE TUMOR OSSEO E RECONSTRUCAO C/ ENXERTO
408060280,RESSECCAO DE TUMOR OSSEO E RECONSTRUCAO C/ RETALHO NAO MICROCIRURGICO (APENAS MAO E PE)
408060310,RESSECCAO SIMPLES DE TUMOR OSSEO / DE PARTES MOLES
408060328,RETIRADA DE CORPO ESTRANHO INTRA-ARTICULAR
408060336,RETIRADA DE CORPO ESTRANHO INTRA-OSSEO
408060344,RETIRADA DE ESPACADORES / OUTROS MATERIAIS
408060352,RETIRADA DE FIO OU PINO INTRA-OSSEO
408060360,RETIRADA DE FIXADOR EXTERNO
408060379,RETIRADA DE PLACA E/OU PARAFUSOS
408060387,RETIRADA DE PROTESE DE SUBSTITUICAO DE GRANDES ARTICULACOES (OMBRO / COTOVELO / QUADRIL / JOELHO
408060395,RETIRADA DE PROTESE DE SUBSTITUICAO EM PEQUENAS E MEDIAS ARTICULACOES
408060425,REVISAO CIRURGICA DE COTO DE AMPUTACAO DOS DEDOS
408060441,TENOLISE
408060450,TENOMIORRAFIA
408060468,TENOMIOTOMIA / DESINSERCAO
408060476,TENOPLASTIA OU ENXERTO DE TENDAO UNICO
408060484,TENORRAFIA UNICA EM TUNEL OSTEO-FIBROSO
408060514,TRANSPLANTE MUSCULO-CUTANEO C/ MICRO-ANASTOMOSE NO TRONCO / EXTREMIDADE
408060530,TRANSPOSICAO / TRANSFERENCIA MIOTENDINOSA MULTIPLA
408060549,TRANSPOSICAO / TRANSFERENCIA MIOTENDINOSA UNICA
408060557,TRATAMENTO CIRURGICO DE ARTRITE INFECCIOSA (GRANDES E MEDIAS ARTICULACOES)
408060565,TRATAMENTO CIRURGICO DE ARTRITE INFECCIOSA DAS PEQUENAS ARTICULACOES
408060573,TRATAMENTO CIRURGICO DE DEDO EM MARTELO / EM GARRA (MAO E PE)
408060581,TRATAMENTO CIRURGICO DE DEFORMIDADE ARTICULAR POR RETRACAO TENO-CAPSULO-LIGAMENTAR
408060590,TRATAMENTO CIRURGICO DE FRATURA VICIOSAMENTE CONSOLIDADA DOS OSSOS LONGOS EXCETO DA MAO E DO PE
408060603,TRATAMENTO CIRURGICO DE HERNIA MUSCULAR
408060611,TRATAMENTO CIRURGICO DE INFECCAO EM ARTROPLASTIA DAS MEDIAS / PEQUENAS ARTICULACOES
408060620,TRATAMENTO CIRURGICO DE INFECCAO POS-ARTROPLASTIA (GRANDES ARTICULACOES)
408060638,TRATAMENTO CIRURGICO DE LUXACAO / FRATURA-LUXACAO METATARSO INTER-FALANGEANA
408060662,TRATAMENTO CIRURGICO DE POLIDACTILIA ARTICULADA
408060700,TRATAMENTO CIRURGICO DE SINDACTILIA SIMPLES (DOIS DEDOS)
409010022,CISTECTOMIA PARCIAL
409010057,CISTOENTEROPLASTIA
409010065,CISTOLITOTOMIA E/OU RETIRADA DE CORPO ESTRANHO DA BEXIGA
409010081,CISTORRAFIA
409010090,CISTOSTOMIA
409010138,DRENAGEM DE ABSCESSO RENAL / PERI-RENAL
409010146,EXTRACAO ENDOSCOPICA DE CALCULO EM PELVE RENAL
409010170,INSTALACAO ENDOSCOPICA DE CATETER DUPLO J
409010189,LITOTRIPSIA
409010200,NEFRECTOMIA PARCIAL
409010219,NEFRECTOMIA TOTAL
409010227,NEFROLITOTOMIA
409010235,NEFROLITOTOMIA PERCUTANEA
409010286,NEFROSTOMIA COM OU SEM DRENAGEM
409010294,NEFROSTOMIA PERCUTANEA
409010316,PIELOLITOTOMIA
409010324,PIELOPLASTIA
409010367,RESSECCAO DO COLOVESICAL / TUMOR VESICAL A CEU ABERTO
409010383,RESSECCAO ENDOSCOPICA DE LESAO VESICAL
409010391,RETIRADA PERCUTANEA DE CALCULO URETERAL COM CATETER
409010413,TRATAMENTO CIRURGICO DE BEXIGA NEUROGENICA
409010430,TRATAMENTO CIRURGICO DE CISTOCELE
409010456,TRATAMENTO CIRURGICO DE FISTULA VESICO-ENTERICA
409010480,TRATAMENTO CIRURGICO DE HEMORRAGIA VESICAL(FORMOLIZACAO DA BEXIGA)
409010499,TRATAMENTO CIRURGICO DE INCONTINENCIA URINARIA VIA ABDOMINAL
409010510,TRATAMENTO CIRURGICO DE URETEROCELE
409010537,URETEROCISTONEOSTOMIA
409010561,URETEROLITOTOMIA
409010570,URETEROPLASTIA
409010588,URETEROSTOMIA CUTANEA
409010596,URETEROLITOTRIPSIA TRANSURETEROSCOPICA
409020044,INJECAO DE GORDURA /TEFLON PERI-URETRAL
409020079,MEATOTOMIA SIMPLES
409020087,RESSECCAO DE CARUNCULAURETRAL.
409020125,URETROPLASTIA (RESSECCAO DE CORDA)
409020133,URETROPLASTIA AUTOGENA
409020150,URETRORRAFIA
409020176,URETROTOMIA INTERNA
409030015,DRENAGEM DE ABSCESSO PROSTATICO
409030023,PROSTATECTOMIA SUPRAPUBICA
409030031,PROSTATOVESICULECTOMIA RADICAL
409030040,RESSECCAO ENDOSCOPICA DE PROSTATA
409040010,DRENAGEM DE ABSCESSO DA BOLSA ESCROTAL
409040096,EXPLORACAO CIRURGICA DA BOLSA ESCROTAL
409040126,ORQUIDOPEXIA BILATERAL
409040134,ORQUIDOPEXIA UNILATERAL
409040142,ORQUIECTOMIA SUBCAPSULAR BILATERAL
409040169,ORQUIECTOMIA UNILATERAL
409040185,REPARACAO E OPERACAO PLASTICA DO TESTICULO
409040215,TRATAMENTO CIRURGICO DE HIDROCELE
409040223,TRATAMENTO CIRURGICO DE TORCAO DO TESTICULO DO CORDAO ESPERMATICO
409040231,TRATAMENTO CIRURGICO DE VARICOCELE
409040240,VASECTOMIA
409050024,CORRECAO DE EPISPADIA
409050032,CORRECAO DE HIPOSPADIA (1 TEMPO)
409050040,CORRECAO DE HIPOSPADIA (SEGUNDO TEMPO)
409050075,PLASTICA TOTAL DO PENIS
409050083,POSTECTOMIA
409050091,RESTAURACAO DA FUNCAO ERETIL DO PENIS
409050113,TRATAMENTO CIRURGICO DE PRIAPRISMO
409050130,CIRURGIAS COMPLEMENTARES DE REDESIGNACAO SEXUAL
409050148,REDESIGNACAO SEXUAL NO SEXO MASCULINO
409060011,CERCLAGEM DE COLO DO UTERO
409060020,COLPOPERINEOPLASTIA ANTERIOR E POSTERIOR C/ AMPUTACAO DE COLO
409060038,EXCISAO TIPO 3 DO COLO UTERINO
409060046,CURETAGEM SEMIOTICA C/ OU S/ DILATACAO DO COLO DO UTERO
409060054,CURETAGEM UTERINA EM MOLA HIDATIFORME
409060070,ESVAZIAMENTO DE UTERO POS-ABORTO POR ASPIRACAO MANUAL INTRA-UTERINA (AMIU)
409060100,HISTERECTOMIA (POR VIA VAGINAL)
409060119,HISTERECTOMIA C/ ANEXECTOMIA (UNI / BILATERAL)
409060127,HISTERECTOMIA SUBTOTAL
409060135,HISTERECTOMIA TOTAL
409060143,HISTERECTOMIA TOTAL AMPLIADA (WERTHEIN-MEIGS)
409060151,HISTERECTOMIA VIDEOLAPAROSCOPICA
409060178,HISTEROSCOPIA CIRURGICA C/ RESSECTOSCOPIO
409060186,LAQUEADURA TUBARIA
409060194,MIOMECTOMIA
409060208,MIOMECTOMIA VIDEOLAPAROSCOPICA
409060216,OOFORECTOMIA / OOFOROPLASTIA
409060232,SALPINGECTOMIA UNI / BILATERAL
409060240,SALPINGECTOMIA VIDEOLAPAROSCOPICA
409060267,SALPINGOPLASTIA VIDEOLAPAROSCOPICA
409060275,TRAQUELOPLASTIA
409070017,ALARGAMENTO DA ENTRADA VAGINAL
409070025,COLPECTOMIA
409070033,COLPOCLEISE (CIRURGIA DE LE FORT)
409070050,COLPOPERINEOPLASTIA ANTERIOR E POSTERIOR
409070068,COLPOPERINEOPLASTIA POSTERIOR
409070076,COLPOPERINEORRAFIA NAO OBSTETRICA
409070084,COLPOPLASTIA ANTERIOR
409070092,COLPORRAFIA NAO OBSTETRICA
409070130,EPISIOPERINEORRAFIA NAO OBSTETRICA
409070149,EXERESE DE CISTO VAGINAL
409070157,EXERESE DE GLANDULA DE BARTHOLIN / SKENE
409070190,MARSUPIALIZACAO DE GLANDULA DE BARTOLIN
409070203,OPERACAO DE BURCH
409070220,TRATAMENTO CIRURGICO DE COAPTACAO DE NINFAS
409070238,TRATAMENTO CIRURGICO DE FISTULA RETO-VAGINAL
409070254,TRATAMENTO CIRURGICO DE FISTULA VESICO-VAGINAL
409070262,TRATAMENTO CIRURGICO DE HIPERTROFIA DOS PEQUENOS LABIOS
409070270,TRATAMENTO CIRURGICO DE INCONTINENCIA URINARIA POR VIA VAGINAL
409070289,TRATAMENTO CIRURGICO DE VAGINA SEPTADA / ATRESICA
409070300,VULVECTOMIA SIMPLES
410010014,DRENAGEM DE ABSCESSO DE MAMA
410010065,MASTECTOMIA SIMPLES
410010073,PLASTICA MAMARIA FEMININA NAO ESTETICA
410010081,PLASTICA MAMARIA MASCULINA
410010090,PLASTICA MAMARIA RECONSTRUTIVA POS MASTECTOMIA C/ IMPLANTE DE PROTESE
410010111,SETORECTOMIA / QUADRANTECTOMIA
410010120,SETORECTOMIA / QUADRANTECTOMIA C/ ESVAZIAMENTO GANGLIONAR
410010138,RETIRADA DE PROTESE MAMARIA UNILATERAL EM CASOS DE COMPLICACAO DA PROTESE MAMARIA IMPLANTADA
410010154,"RETIRADA DE PROTESE MAMARIA UNILATERAL EM CASOS DE COMPLICACAO DE IMPLANTACAO DA PROTESE, COM"
410010200,PLASTICA MAMARIA RECONSTRUTIVA BILATERAL INCLUINDO PROTESE MAMARIA DE SILICONE BILATERAL NO PROCE
410010219,RECONSTRUCAO MAMARIA POS-MASTECTOMIA TOTAL
411010026,PARTO CESARIANO EM GESTACAO DE ALTO RISCO
411010034,PARTO CESARIANO
411010042,PARTO CESARIANO C/ LAQUEADURA TUBARIA
411010077,SUTURA DE LACERACOES DE TRAJETO PELVICO
411010085,TRATAMENTO CIRURGICO DE INVERSAO UTERINA AGUDA POS PARTO
411020013,CURETAGEM POS-ABORTAMENTO / PUERPERAL
411020030,HISTERECTOMIA PUERPERAL
411020048,TRATAMENTO CIRURGICO DE GRAVIDEZ ECTOPICA
412010038,"COLOCACAO DE PROTESE LARINGO-TRAQUEAL, TRAQUEAL, TRAQUEO-BRONQUICA, BRONQUICA POR VIA ENDOSCOPIC"
412010046,COLOCACAO DE PROTESE LARINGO TRAQUEAL/ TRAQUEO-BRONQUICA (INCLUI PROTESE)
412010097,TRAQUEOPLASTIA POR ACESSO TORACICO
412010100,TRAQUEOPLASTIA E/OU LARINGOTRAQUEOPLASTIA
412010119,TRAQUEORRAFIA E/OU FECHAMENTO DE FISTULA TRAQUEO-CUTANEA
412010135,TRATAMENTO CIRURGICO DE FISTULA BRONCOPLEURAL COM AMPUTACAO DE COTO BRONQUICO
412020017,MEDIASTINOTOMIA EXPLORADORA PARA-ESTERNAL / POR VIA ANTERIOR
412020033,MEDIASTINOTOMIA P/ DRENAGEM
412020050,RESSECCAO DE TUMOR DO MEDIASTINO
412020068,TIMECTOMIA
412020084,TRATAMENTO DE MEDIASTINITE (QUALQUER VIA)
412030012,DESCORTICACAO PULMONAR
412030047,FECHAMENTO DE PLEUROSTOMIA
412030080,TRATAMENTO DE COAGULO RETIDO INTRATORACICO (QUALQUER VIA)
412030098,PLEUROSTOMIA
412030101,DRENAGEM TUBULAR PLEURAL ABERTA (PLEUROSTOMIA)
412030110,PLEURODESE
412040018,COSTECTOMIA
412040026,ESTERNECTOMIA COM OU SEM PROTESE
412040115,RETIRADA DE CORPO ESTRANHO DA PAREDE TORACICA
412040131,TORACECTOMIA SEM RECONSTRUCAO PARIETAL
412040158,TORACOPLASTIA (QUALQUER TECNICA)
412040166,TORACOSTOMIA COM DRENAGEM PLEURAL FECHADA
412040174,TORACOTOMIA EXPLORADORA
412040182,TRATAMENTO CIRURGICO DE DEFEITOS CONGENITOS DO TORAX
412040190,"TRATAMENTO CIRURGICO DE FRATURA, NECROSE OU INFECCAO DO ESTERNO"
412040212,TRATAMENTO CIRURGICO DE PAREDE TORACICA
412050013,BULECTOMIA UNI OU BILATERAL
412050048,LOBECTOMIA PULMONAR
412050102,"RESSECCAO EM CUNHA, TUMORECTOMIA / BIOPSIA DE PULMAO A CEU ABERTO"
412050145,METASTASECTOMIA PULMONAR UNI OU BILATERAL (QUALQUER METODO)
412050153,TROMBOENDARTERECTOMIA PULMONAR
413010015,ATENDIMENTO DE URGENCIA EM MEDIO E GRANDE QUEIMADO
413010066,TRATAMENTO DE GRANDE QUEIMADO
413010082,TRATAMENTO DE MEDIO QUEIMADO
413010090,TRATAMENTO DE PEQUENO QUEIMADO
413030067,RECONSTRUCAO GLUTEA E/OU PERIANAL EM PACIENTE COM LIPODISTROFIA GLUTEA DECORRENTE DO USO DE ANTI-
413040020,CORRECAO DE RETRACAO CICATRICIAL VARIOS ESTAGIOS
413040046,DERMOLIPECTOMIA ABDOMINAL NAO ESTETICA (PLASTICA ABDOMINAL)
413040054,DERMOLIPECTOMIA ABDOMINAL POS-CIRURGIA BARIATRICA
413040089,MAMOPLASTIA POS-CIRURGIA BARIATRICA
413040097,PREPARO DE RETALHO
413040127,RECONSTRUCAO DE POLO SUPERIOR DA ORELHA
413040135,RECONSTRUCAO DO HELIX DA ORELHA
413040143,RECONSTRUCAO TOTAL DE ORELHA (MULTIPLOS ESTAGIOS)
413040178,TRATAMENTO CIRURGICO DE LESOES EXTENSAS C/ PERDA DE SUBSTANCIA CUTANEA
413040232,TRATAMENTO CIRURGICO NAO ESTETICO DA ORELHA
413040240,TRATAMENTO CIRURGICO P/ REPARACOES DE PERDA DE SUBSTANCIA DA MAO
413040259,DERMOLIPECTOMIA ABDOMINAL CIRCUNFERENCIAL POS CIRURGIA BARIATRICA
414010272,TRATAMENTO CIRURGICO DE FISTULA CUTANEA DE ORIGEM DENTARIA
414010329,TRATAMENTO CIRURGICO DE CISTO DO COMPLEXO MAXILO-MANDIBULAR
414010345,EXCISAO DE CALCULO DE GLANDULA SALIVAR
414020413,TRATAMENTO ODONTOLOGICO PARA PACIENTES COM NECESSIDADES ESPECIAIS
415010012,TRATAMENTO C/ CIRURGIAS MULTIPLAS
415020034,OUTROS PROCEDIMENTOS COM CIRURGIAS SEQUENCIAIS
415020050,PROCEDIMENTOS SEQUENCIAIS EM ONCOLOGIA
415020069,PROCEDIMENTOS SEQUENCIAIS EM ORTOPEDIA
415020077,PROCEDIMENTOS SEQUENCIAIS EM NEUROCIRURGIA
415030013,TRATAMENTO CIRURGICO EM POLITRAUMATIZADO
415040027,DEBRIDAMENTO DE FASCEITE NECROTIZANTE
415040035,DEBRIDAMENTO DE ULCERA / DE TECIDOS DESVITALIZADOS
416010016,AMPUTACAO DE PENIS EM ONCOLOGIA
416010040,CISTOENTEROPLASTIA EM ONCOLOGIA
416010075,NEFRECTOMIA TOTAL EM ONCOLOGIA
416010113,ORQUIECTOMIA UNILATERAL EM ONCOLOGIA
416010121,PROSTATECTOMIA EM ONCOLOGIA
416010130,PROSTATOVESICULECTOMIA RADICAL EM ONCOLOGIA
416010164,RESSECCAO DE TUMORES MALTIPLOS E SIMULTANEOS DO TRATO URINARIO EM ONCOLOGIA
416010172,RESSECCAO ENDOSCOPICA DE TUMOR VESICAL EM ONCOLOGIA
416010180,REIMPLANTE URETERAL EM ONCOLOGIA - URETEROCISTONEOSTOMIA
416010199,REIMPLANTE URETERAL EM ONCOLOGIA - URETEROENTEROSTOMIA
416010202,SUPRARRENALECTOMIA EM ONCOLOGIA
416010210,NEFRECTOMIA PARCIAL EM ONCOLOGIA
416020020,LINFADENECTOMIA PELVICA EM ONCOLOGIA
416020151,LINFADENECTOMIA RADICAL CERVICAL UNILATERAL EM ONCOLOGIA
416020160,LINFADENECTOMIA RADICAL MODIFICADA CERVICAL UNILATERAL EM ONCOLOGIA
416020178,LINFADENECTOMIA CERVICAL SUPRAOMO-HIOIDEA UNILATERAL EM ONCOLOGIA
416020186,LINFADENECTOMIA CERVICAL RECORRENCIAL UNILATERAL EM ONCOLOGIA
416020194,MEDIASTINOSCOPIA/LINFADENECTOMIA MEDIASTINAL EM ONCOLOGIA
416020208,LINFADENECTOMIA SUPRACLAVICULAR UNILATERAL EM ONCOLOGIA
416020216,LINFADENECTOMIA AXILAR UNILATERAL EM ONCOLOGIA
416020224,LINFADENECTOMIA RETROPERITONIAL EM ONCOLOGIA
416020232,LINFADENECTOMIA INGUINAL UNILATERAL EM ONCOLOGIA
416020240,LINFADENECTOMIA SELETIVA GUIADA (LINFONODO SENTINELA) EM ONCOLOGIA
416020259,LINFADENECTOMIA INGUINO-ILIACA UNILATERAL EM ONCOLOGIA
416030041,RESSECCAO DE GLANDULA SUBMANDIBULAR EM ONCOLOGIA
416030068,GLOSSECTOMIA PARCIAL EM ONCOLOGIA
416030092,PAROTIDECTOMIA EM ONCOLOGIA
416030149,RESSECCAO EM CUNHA DE LABIO E SUTURA EM ONCOLOGIA
416030157,RESSECCAO PARCIAL DE LABIO COM ENXERTO OU RETALHO EM ONCOLOGIA
416030165,RESSECCAO TOTAL DE LABIO E RECONSTRUCAO COM RETALHO MIOCUTANEO EM ONCOLOGIA
416030173,MAXILECTOMIA PARCIAL EM ONCOLOGIA
416030181,MAXILECTOMIA TOTAL EM ONCOLOGIA
416030211,FARINGECTOMIA PARCIAL EM ONCOLOGIA
416030238,RESSECCAO DE TUMOR DE RINOFARINGE EM ONCOLOGIA
416030254,LARINGECTOMIA PARCIAL EM ONCOLOGIA
416030262,LARINGECTOMIA TOTAL EM ONCOLOGIA
416030270,TIREOIDECTOMIA TOTAL EM ONCOLOGIA
416030289,RECONSTRUCAO PARA FONACAO EM ONCOLOGIA
416030297,TRAQUEOSTOMIA TRANSTUMORAL EM ONCOLOGIA
416030327,RESSECCAO DE PAVILHAO AURICULAR EM ONCOLOGIA
416030351,RESSECCAO DE LESAO MALIGNA DE MUCOSA BUCAL EM ONCOLOGIA
416030360,RESSECCAO DE TUMOR TIREOIDIANO POR VIA TRANSESTERNAL EM ONCOLOGIA
416040012,ANASTOMOSE BILEO-DIGESTIVA EM ONCOLOGIA
416040020,COLEDOCOSTOMIA COM OU SEM COLECISTECTOMIA EM ONCOLOGIA
416040039,ESOFAGOGASTRECTOMIA COM TORACOTOMIA EM ONCOLOGIA
416040047,ESOFAGOCOLOPLASTIA OU ESOFAGOGASTROPLASTIA EM ONCOLOGIA
416040055,ESOFAGOGASTRECTOMIA TRANS -HIATAL EM ONCOLOGIA
416040071,GASTRECTOMIA TOTAL EM ONCOLOGIA
416040101,HEPATECTOMIA PARCIAL EM ONCOLOGIA
416040110,PANCREATECTOMIA PARCIAL EM ONCOLOGIA
416040128,DUODENOPANCREATECTOMIA EM ONCOLOGIA
416040144,RESSECCAO DE TUMOR RETROPERITONIAL COM RESSECCAO DE ORGAOS CONTIGUOS EM ONCOLOGIA
416040179,ALCOOLIZACAO PERCUTANEA DE CARCINOMA HEPATICO
416040187,TRATAMENTO DE CARCINOMA HEPATICO POR RADIOFREQUENCIA
416040195,QUIMIOEMBOLIZACAO DE CARCINOMA HEPATICO
416040209,LAPAROTOMIA EXPLORADORA COM RESSECCAO COMPLETA OU INCOMPLETA DO TUMOR EM ONCOLOGIA
416040217,GASTRECTOMIA PARCIAL EM ONCOLOGIA
416040225,METASTASECTOMIA HEPATICA EM ONCOLOGIA
416040233,COLECISTECTOMIA EM ONCOLOGIA
416040250,RESSECCAO DE TUMOR RETROPERITONIAL EM ONCOLOGIA
416040276,RESSECCAO ALARGADA DE TUMOR DE INTESTINO EM ONCOLOGIA
416040284,IMPLANTACAO ENDOSCOPICA DE STENT ESOFAGICO
416050018,AMPUTACAO ABDOMINO-PERINEAL DE RETO EM ONCOLOGIA
416050026,COLECTOMIA PARCIAL (HEMICOLECTOMIA) EM ONCOLOGIA
416050034,COLECTOMIA TOTAL EM ONCOLOGIA
416050050,EXCISAO LOCAL DE TUMOR DO RETO EM ONCOLOGIA
416050077,RETOSSIGMOIDECTOMIA ABDOMINAL EM ONCOLOGIA
416060013,AMPUTACAO CONICA DO COLO DO UTERO EM ONCOLOGIA
416060021,ANEXECTOMIA UNI / BILATERAL EM ONCOLOGIA
416060030,COLPECTOMIA EM ONCOLOGIA
416060056,HISTERECTOMIA COM RESSECCAO DE ORGAOS CONTIGUOS EM ONCOLOGIA
416060064,HISTERECTOMIA TOTAL AMPLIADA EM ONCOLOGIA
416060080,TRAQUELECTOMIA RADICAL EM ONCOLOGIA
416060099,VULVECTOMIA TOTAL AMPLIADA C/ LINFADENECTOMIA EM ONCOLOGIA
416060102,VULVECTOMIA PARCIAL EM ONCOLOGIA
416060110,HISTERECTOMIA COM OU SEM ANEXECTOMIA (UNI / BILATERAL) EM ONCOLOGIA
416060129,LAPAROTOMIA PARA AVALIACAO DE TUMOR DE OVARIO EM ONCOLOGIA
416080014,EXCISAO E ENXERTO DE PELE EM ONCOLOGIA
416080030,EXCISAO E SUTURA DE LESAO NA PELE COM PLASTICA EM Z OU ROTACAO DE RETALHO EM ONCOLOGIA
416080081,RECONSTRUCAO COM RETALHO MIOCUTANEO (QUALQUER PARTE) EM ONCOLOGIA
416080090,RECONSTRUCAO POR MICROCIRURGIA (QUALQUER PARTE) EM ONCOLOGIA
416080111,RECONSTRUCAO COM RETALHO OSTEOMIOCUTANEO EM ONCOLOGIA
416080120,EXTIRPACAO MULTIPLA DE LESAO DA PELE OU TECIDO CELULAR SUBCUTANEO EM ONCOLOGIA
416090010,AMPUTACAO / DESARTICULACAO DE MEMBROS INFERIORES EM ONCOLOGIA
416090109,RESSECCAO DE TUMOR OSSEO COM SUBSTITUICAO (ENDOPROTESE) OU COM RECONSTRUCAO E FIXACAO EM ON
416090133,RESSECCAO DE TUMOR DE PARTES MOLES EM ONCOLOGIA
416110010,LOBECTOMIA PULMONAR EM ONCOLOGIA
416110029,PNEUMOMECTOMIA RADICAL EM ONCOLOGIA
416110037,TORATECTOMIA EM ONCOLOGIA
416110045,TORACECTOMIA SIMPLES EM ONCOLOGIA
416110053,TORACOTOMIA/MEDIASTINOSTOMIA EXPLORADORA COM RESSECCAO COMPLETA OU INCOMPLETA DO TUMOR INTRATORACI
416110061,SEGMENTECTOMIA PULMONAR EM ONCOLOGIA
416110070,RESSECCAO PULMONAR EM CUNHA EM ONCOLOGIA
416110088,TIMECTOMIA EM ONCOLOGIA
416120024,MASTECTOMIA RADICAL COM LINFADENECTOMIA AXILAR EM ONCOLOGIA
416120032,MASTECTOMIA SIMPLES EM ONCOLOGIA
416120040,RESSECCAO DE LESAO NAO PALPAVEL DE MAMA COM MARCACAO EM ONCOLOGIA (POR MAMA)
416120059,SEGMENTECTOMIA/QUADRANTECTOMIA/SETORECTOMIA DE MAMA EM ONCOLOGIA
501030069,COLETA E ACONDICIONAMENTO DE MEDULA OSSEA NO BRASIL PARA TRANSPLANTE AUTOGENICO OU DE DOADOR APARENT
503010014,ACOES RELACIONADAS A DOACAO DE ORGAOS E TECIDOS PARA TRANSPLANTE
503010022,ACOES RELACIONADAS A DOACAO DE ORGAOS E TECIDOS REALIZADAS POR EQUIPE DE OUTRO ESTABELECIMENTO
504010026,PROCESSAMENTO DE CORNEA / ESCLERA
505010011,TRANSPLANTE ALOGENICO DE CELULAS-TRONCO HEMATOPOETICAS DE MEDULA OSSEA - APARENTADO
505010020,TRANSPLANTE ALOGENICO DE CELULAS-TRONCO HEMATOPOETICAS DE MEDULA OSSEA - NAO APARENTADO
505010054,TRANSPLANTE ALOGENICO DE CELULAS-TRONCO HEMATOPOETICAS DE SANGUE PERIFERICO - APARENTADO
505010070,TRANSPLANTE AUTOGENICO DE CELULAS-TRONCO HEMATOPOETICAS DE MEDULA OSSEA -
505010089,TRANSPLANTE AUTOGENICO DE CELULAS-TRONCO HEMATOPOETICAS DE SANGUE PERIFERICO -
505010097,TRANSPLANTE DE CORNEA
505020041,TRANSPLANTE DE CORACAO
505020050,TRANSPLANTE DE FIGADO (ORGAO DE DOADOR FALECIDO)
505020068,TRANSPLANTE DE FIGADO (ORGAO DE DOADOR VIVO)
505020092,TRANSPLANTE DE RIM (ORGAO DE DOADOR FALECIDO)
505020106,TRANSPLANTE DE RIM (ORGAO DE DOADOR VIVO)
506020010,INTERCORRENCIA POS TRANSPLANTE ALOGENICO DE CELULAS-TRONCO HEMATOPOETICAS - NAO APARENTADO (HOSPITA
506020037,TRATAMENTO DE INTERCORRENCIA POS-TRANSPLANTE ALOGENICO DE CELULAS-TRONCO HEMATOPOETICAS DE APARENTAD
506020045,TRATAMENTO DE INTERCORRENCIA POS-TRANSPLANTE DE ORGAOS / CELULAS-TRONCO HEMATOPOETICAS
506020053,TRATAMENTO DE INTERCORRENCIA POS-TRANSPLANTE DE RIM - POS TRANSPLANTE CRITICO
506020061,TRATAMENTO DE INTERCORRENCIA POS TRANSPLANTE DE CORACAO- POS TRANSPLANTE CRITICO
506020070,TRATAMENTO DE INTERCORRENCIA POS TRANSPLANTE DE PULMAO UNI/BILATERAL - POS TRANSPLANTE CRITICO
506020096,TRATAMENTO DE INTERCORRENCIA POS TRANSPLANTE DE FIGADO- POS TRANSPLANTE CRITICO
506020100,TRATAMENTO DE INTERCORRENCIA POS TRANSPLANTE ALOGENICO DE CELULAS-TRONCO HEMATOPOETICAS- POS TRA
506020118,TRATAMENTO DE INTERCORRENCIA POS TRANSPLANTE AUTOLOGO DE CELULAS-TRONCO HEMATOPOETICAS- POS TRAN
